filename,lat_gt,lon_gt,lat_plonk,lon_plonk,err_plonk_km,lat_fractus,lon_fractus,err_fractus_km,plonk_info,fractus_mode
764215884291420.jpg,41.395993328918,-5.1422719766709,41.2836438604456,-5.1099764258836,12.780332900092771,41.553248255498,-4.666362727088,43.33378741537626,KDTree vote sur 5 voisins,top1
199093302037805.jpg,41.289678434589,-4.327267901099,41.2363969371796,-4.2515783731278,8.667473611494092,41.416089010467,-4.3472400501635,14.154725034951188,KDTree vote sur 5 voisins,top1
4252088971509081.jpg,41.02898902432,-4.1413488456085,41.1801806088436,-4.5197972580398,35.889903227620785,41.416089010467,-4.3472400501635,46.36020452350701,KDTree vote sur 5 voisins,top1
285353796653122.jpg,41.288346569051,-4.6758456407257,41.2836438604456,-5.1099764258836,36.27739699051415,41.289678434589,-4.327267901099,29.12431724932651,KDTree vote sur 5 voisins,top1
1921161284978547.jpg,41.063171340779,-3.8877688720535,41.1686899542932,-4.38474108631464,43.25410179947678,41.10066420958,-5.3004979409722,118.48064916480219,KDTree vote sur 5 voisins,top1
2660985817541107.jpg,41.279068751455,-5.2511096045654,41.3009727744504,-4.775513303710079,39.810378101040364,41.4126816,-4.3220900999978,78.96253453593867,KDTree vote sur 5 voisins,top1
948609629539857.jpg,41.63225982594,-5.1867421066522,41.29385539813641,-4.5949169143172,62.0314569328628,41.10066420958,-5.3004979409722,59.868154383531106,KDTree vote sur 5 voisins,top1
466544041298296.jpg,41.539255428129,-4.6924496667815,41.38948546602641,-4.45534701190788,25.839389218748348,41.4126816,-4.3220900999978,33.913375939616756,KDTree vote sur 5 voisins,top1
475537613669054.jpg,41.410417204766,-4.9638060420321,41.35854117747179,-4.82988438197664,12.574061645922145,41.10066420958,-5.3004979409722,44.479984414876924,KDTree vote sur 5 voisins,top1
547138909702902.jpg,41.401072324237,-5.1397484610203,41.4413983593128,-5.2393819984929,9.440468848689893,41.10066420958,-5.3004979409722,36.00572666979295,KDTree vote sur 5 voisins,top1
1443024959936137.jpg,41.553248255498,-4.666362727088,41.3922929333278,-4.6086391966416205,18.532301987876835,41.4126816,-4.3220900999978,32.661374323300194,KDTree vote sur 5 voisins,top1
340625234149955.jpg,41.017148081422,-4.6737272798857,41.2449766830292,-4.57920515732506,26.54149449068908,41.4126816,-4.3220900999978,52.90996091226836,KDTree vote sur 5 voisins,top1
642823391078007.jpg,41.190548,-3.993737,41.3986561896798,-4.94498709859856,82.77093942980815,41.416089010467,-4.3472400501635,38.741628358194546,KDTree vote sur 5 voisins,top1
569211890782557.jpg,41.294577949449,-4.9012161442151,41.372763823490196,-4.9872698587932,11.278594463028442,41.10066420958,-5.3004979409722,39.76119502259549,KDTree vote sur 5 voisins,top1
1425726552169460.jpg,41.204347259218,-4.1428281025284,41.2478980623304,-4.31265657709362,15.005851283996785,41.553248255498,-4.666362727088,58.42242410970144,KDTree vote sur 5 voisins,top1
2745610299082903.jpg,41.365410700218,-5.1659260000183,41.2836438604456,-5.1099764258836,10.222226142842963,41.553248255498,-4.666362727088,46.57551199188767,KDTree vote sur 5 voisins,top1
1561889344015498.jpg,41.409910847668,-5.1324177272629,41.2402121969204,-4.56899255926308,50.6914451404299,41.4126816,-4.3220900999978,67.576955267284,KDTree vote sur 5 voisins,top1
3623862811267602.jpg,41.254807258953,-3.8760321883083,41.2080411588738,-4.2439401426243,31.202482527435848,41.4126816,-4.3220900999978,41.17284313099829,KDTree vote sur 5 voisins,top1
1747961422073543.jpg,41.44567860665,-5.0900649360012,41.44929646046519,-5.005738077446599,7.039941932742376,41.553248255498,-4.666362727088,37.25836329874045,KDTree vote sur 5 voisins,top1
1321153734948549.jpg,41.33632317765,-5.1889973137066,41.3709156312754,-4.7689308711438,35.27244860314044,41.4126816,-4.3220900999978,72.83212040038846,KDTree vote sur 5 voisins,top1
1184962648605626.jpg,41.527901085441,-4.6970064969933,41.3159937515844,-4.59319823014106,25.10248120702172,41.63225982594,-5.1867421066522,42.355284665623294,KDTree vote sur 5 voisins,top1
686774752615189.jpg,41.4126816,-4.3220900999978,41.325955354433795,-4.93499023404468,52.04632571454361,41.289678434589,-4.327267901099,13.684154855241804,KDTree vote sur 5 voisins,top1
24610155511950635.jpg,41.543223582649,-5.327565096079,41.485071493770796,-5.24240281675184,9.596404962291945,41.525296234518,-5.0425661908671,23.805768173754853,KDTree vote sur 5 voisins,top1
548526189620102.jpg,41.02298364194,-3.9597540107518,41.176948130373596,-4.5255676298235805,50.407140813489015,41.10066420958,-5.3004979409722,112.7397070694139,KDTree vote sur 5 voisins,top1
983081222497422.jpg,41.285469287508,-4.6866026192702,41.1557906618972,-4.588464508966281,16.59210554514463,41.063171340779,-3.8877688720535,71.2829941183022,KDTree vote sur 5 voisins,top1
2899935216828416.jpg,41.405512763451,-4.3276479804245,41.3481219331628,-4.38096638326264,7.779216455529083,41.10066420958,-5.3004979409722,88.10808644409153,KDTree vote sur 5 voisins,top1
606367400319899.jpg,41.044031819554,-5.3970096244489,41.1408531345002,-5.06433291584362,29.885522520805864,41.289678434589,-4.327267901099,93.61756051939466,KDTree vote sur 5 voisins,top1
529149251433749.jpg,41.654816243536,-5.1922279856213,41.4803964142718,-5.075282001156721,21.698054618612176,41.4126816,-4.3220900999978,77.2694210027993,KDTree vote sur 5 voisins,top1
1894388454053150.jpg,41.414029448941,-5.1273771715071,41.4413983593128,-5.2393819984929,9.821561349183758,41.000934536671,-4.3192612784394,81.73134842533428,KDTree vote sur 5 voisins,top1
822579758385753.jpg,41.266484635461,-5.2660984518947,41.2836438604456,-5.1099764258836,13.18569062695537,41.4126816,-4.3220900999978,80.47019434028465,KDTree vote sur 5 voisins,top1
187755889838914.jpg,41.446452015762,-4.6649223109057,41.471762567695,-4.74791021738316,7.466352029909759,41.044031819554,-5.3970096244489,75.81945130649464,KDTree vote sur 5 voisins,top1
453997060432612.jpg,41.416089010467,-4.3472400501635,41.2984884267084,-4.71356787618146,33.253899683671484,41.10066420958,-5.3004979409722,87.05977387824598,KDTree vote sur 5 voisins,top1
1003926544447709.jpg,41.123211546834,-4.2636915840345,41.255270606816005,-4.37723519662306,17.49000900037561,41.287638603557,-3.9959593344786,28.91277433134136,KDTree vote sur 5 voisins,top1
1953087545459201.jpg,41.525079544456,-5.2433154306886,41.491401325312594,-5.23494036965066,3.8092293696121327,41.4126816,-4.3220900999978,77.76703139574533,KDTree vote sur 5 voisins,top1
4456149714443684.jpg,41.549351599233,-5.4538539266105,41.389219420980595,-4.97841516348418,43.43109100224639,41.63225982594,-5.1867421066522,24.050883165183826,KDTree vote sur 5 voisins,top1
1135161855149254.jpg,41.541952568571,-5.3740079244642,41.485071493770796,-5.24240281675184,12.652171346035157,41.289678434589,-4.327267901099,91.68190558098412,KDTree vote sur 5 voisins,top1
1481026925581866.jpg,41.306713872166,-5.2282113393939,41.4413983593128,-5.2393819984929,15.005209914707764,41.416089010467,-4.3472400501635,74.52290411076146,KDTree vote sur 5 voisins,top1
133640698802761.jpg,41.10066420958,-5.3004979409722,41.116631042462004,-4.66104027189366,53.60394365572457,41.204347259218,-4.1428281025284,97.60888324207008,KDTree vote sur 5 voisins,top1
1522978498859446.jpg,41.244110442186,-3.7098879422132,41.308817332463796,-4.283696708557939,48.48812880814969,41.4126816,-4.3220900999978,54.4471640125265,KDTree vote sur 5 voisins,top1
1109927074409648.jpg,41.118638827954,-3.9039518115216,41.1626545937778,-4.5285954499218395,52.536361399776034,41.10066420958,-5.3004979409722,117.01860712874802,KDTree vote sur 5 voisins,top1
413424230044807.jpg,41.000934536671,-4.3192612784394,41.33472532751939,-4.419445764756601,38.051419541600026,41.416089010467,-4.3472400501635,46.222366419805454,KDTree vote sur 5 voisins,top1
921399348640391.jpg,41.30569839063,-4.400117741724,41.1801806088436,-4.5197972580398,17.173342863987017,41.416089010467,-4.3472400501635,13.044081822267463,KDTree vote sur 5 voisins,top1
1007806194406968.jpg,41.037894086539,-3.9191730763521,41.2917605272682,-4.4001822563651,49.17442581875295,41.10066420958,-5.3004979409722,116.00761534298202,KDTree vote sur 5 voisins,top1
1146750869163884.jpg,41.10198406858,-5.2997400601084,41.2504797752694,-5.116856323699099,22.515165887517295,41.204347259218,-4.1428281025284,97.52767092937765,KDTree vote sur 5 voisins,top1
5125111340849273.jpg,41.094096872032,-4.7466813948346,41.2213632450686,-4.64120024090608,16.680630067072496,41.10066420958,-5.3004979409722,46.41314980043521,KDTree vote sur 5 voisins,top1
1327955221796017.jpg,41.191100939326,-4.0583185017939,41.1801806088436,-4.5197972580398,38.63700138246528,41.289678434589,-4.327267901099,25.01690664474612,KDTree vote sur 5 voisins,top1
737616343584995.jpg,41.54009967861,-4.6894408023595,41.340850284923405,-4.577221679153119,24.049281341589783,41.63225982594,-5.1867421066522,42.61068721269793,KDTree vote sur 5 voisins,top1
1708362939354529.jpg,41.525296234518,-5.0425661908671,41.4722778948926,-4.9032717797401,13.012716600507714,41.4126816,-4.3220900999978,61.32197263638082,KDTree vote sur 5 voisins,top1
705668152462516.jpg,41.096045938487,-4.7480915965072,41.247311027998606,-4.46223829419698,29.24670932184716,41.4126816,-4.3220900999978,50.07795040570215,KDTree vote sur 5 voisins,top1
1893131397802142.jpg,41.287638603557,-3.9959593344786,41.3657199977176,-4.24149755461794,22.26560385873003,41.4126816,-4.3220900999978,30.568155072738854,KDTree vote sur 5 voisins,top1
