gt_lat,gt_lon,pred_lat,pred_lon,error_km
-51.846438345946,-58.296999252553,-0.1075854092932267,2.2014774030203945,8028.272814347686
37.511889386667,-44.841369906667,-14.749401024545465,86.89393699036064,14648.135934678536
-34.932649203,-57.954682947,-7.795526167618555,81.39428811584264,13631.04246936951
-14.685303485035,13.897741204141,9.019475156176624,90.1808961103827,8810.417416096461
-25.213126388474,45.893822200278,-3.0411340142605026,11.911068935998863,4390.9403587627885
19.74161986696,-79.74980411524,7.304723715857119,75.42843908658213,15962.213323868362
16.756963333333,7.97059,17.341288490332364,-30.819515400878515,4117.138771310708
11.9806828,38.9866243,-27.479543125995495,16.72292315355401,5001.421171529171
-2.6465117,-56.7646695,32.545574075537296,-42.65856162630147,4185.695857556252
37.751832527419,-25.621608713859,-1.4225505721428702,13.042920118488599,5892.020916593167
-19.680512001063,-42.981190024644,2.9344225863809528,104.04262254815148,15980.533431103979
35.186269101101,-97.490938954052,-4.2595117117204735,29.759624200657314,13612.591455117665
3.7613644703634,98.678863569764,-20.68957463382048,57.531819515838535,5245.588940158711
-30.402919749004,149.70437475647,0.24714822776567,17.22649661283752,13985.672612846549
5.3684972,163.0180421,8.793626585133065,144.1721649758399,2113.7091340473753
13.426925120185,144.78225003024,-2.3244717274783318,50.50951222853787,10529.440852496442
10.745715968526,-74.754051081545,13.037536729572501,23.573069465225892,10623.66128855115
-37.215844615033,150.0140722819,11.551939659042977,-23.589745103991238,17090.759964855584
1.4966017357925,124.87224936092,14.913847805449999,55.68959458046006,7729.302112782799
1.9984778165817,-157.48052978516,3.9793099125133558,-67.86246647731936,9949.783507181079
32.2922644112,-64.7848806996,-6.81922631310715,-2.498249178598291,7885.820283326876
7.0623158603604,125.59491931532,3.7319797466728875,66.80596017477744,6514.807365751006
-25.5531490501,31.618982506911,-5.29600354442051,54.5878552587702,3324.360546611956
-6.5392027991688,-19.527464998692,-6.558251074644618,-19.584347243220126,6.631116935262389
-63.901260361111,-57.608837111111,-19.45144593355653,92.26667324376844,10388.319454779801
-18.354060196581,127.5021351341,-18.737899730677245,131.03147973638633,374.49824015371564
-33.825633713453,121.85139497686,-13.009986315173805,96.76910667919898,3431.750206619633
32.6895014,-16.788128,-0.13036696536561448,-22.996073393933745,3707.0112677561556
-0.54608352623352,166.92262072595,-19.35983793795583,46.29632553794781,13178.704160665631
26.5423442,78.75764,-19.716340611488135,91.36071182900237,5320.351026070346
24.6811822802,69.0686101754,-15.82736087207029,76.25216620880914,4571.23718219231
-5.505745028052,-16.462438312769,-6.847665658839479,-20.474844534345532,467.98334478405644
34.377013,139.9799507,-6.765697990024647,22.930115772191513,12904.784110582537
-21.957643345309,149.43070572122,-27.081329474020524,-8.525119431882352,14068.966399499379
6.0387556999975,145.2281905,-0.8887402940565448,-34.9432037154364,19442.115539392318
1.3717135,173.1459474,-16.206141627318395,61.65434705413473,12342.768082057262
15.1228394,104.3040527,9.469409212276503,60.14042752798419,4831.227350259239
-3.4691666666667,152.2275,-16.793232255970338,21.439237459862163,14161.43398971377
-32.022111111111,115.94422222222,-1.9958438125719866,12.145138756581675,11184.16766772752
-8.4721697999722,126.45741669997,-1.4980845428808842,-2.8562893840985897,14289.131630771235
-56.936169438562,-28.01449480592,-59.48859985234299,-4.2506388687773375,1412.5160122509199
7.1080533,171.0799642,-13.712439119895018,15.573291791963124,17239.77849138538
4.1251975122369,73.472215389192,-10.002236558876758,101.89335081570248,3518.1247995519243
25.3166617,93.0663941,15.366063141835541,55.919901236154764,4012.9949399773172
-54.421776540929,3.3884561988282,-54.42175838428216,3.3886829524416955,0.0148080479529599
32.845187333306,-8.2170511666667,-2.585975255321107,91.68347055757413,11087.9850832849
6.0658038,145.213391,13.904901644374325,63.36588795009419,8969.091876712171
-24.109025977121,150.15452654459,0.37227183654726814,-36.59879025115151,17277.17465964777
-8.6199100763779,125.46747075131,10.668881941003274,-37.28858491687397,18111.376647196987
-33.981666666667,-112.43083333333,17.758767170769676,52.219179794297084,17652.24755146212
13.352110069804,60.171895205882,10.901574238020077,56.60257677312635,474.1212256699777
-33.72764425,121.62069525,-2.6783610302334226,78.44705482294658,5650.433461046887
12.090495298614,21.578670172019,-4.215870651968565,3.1024230046574863,2731.2162297700947
-26.248058276412,-35.916202322883,-12.4843931427336,13.886423897843349,5408.514537514508
-23.8602419011,29.3716460746,-21.504813925313652,54.827406751732795,2621.213101736759
25.1213185,47.6273274,25.127094639037402,47.82263606159958,19.673130066128035
-25.214493752216,45.92674459932,-11.551379229650495,54.850088458372554,1785.7764675472765
-35.01166928556,-33.8032273661,-35.06228193498368,-33.54314820401283,24.338353307372593
-45.4015219,167.7184449,-17.301140410756012,46.723917438889,10860.30630011462
15.111030766667,18.499495416667,11.87947081906315,-1.4872261121891923,2189.802160664491
33.111433333333,139.78228333333,28.400440351175718,-86.09045580398731,11638.283528065784
-16.3359181,-39.023955,-17.10064507765354,59.329261822729435,10329.6690653006
-9.7986764285385,-66.845664982952,10.096315127775085,10.844579976814323,8873.910407623958
4.7449468,45.2245411,5.781343231483529,31.92319076957191,1477.2602185500805
32.6685112,-16.8039154,7.5773600626368225,-33.48401691775752,3278.0950471890346
25.1112033,47.7757932,25.16725631047034,48.07091606489263,30.354543182770335
-25.4601544,31.5354386,5.132670916803414,20.058914083066576,3620.5325021834665
26.4962300844,-78.6896342039,14.04409719426868,4.527023224180557,8654.300555430154
-35.576194285396,-32.615738517197,-35.60372250579531,-32.61881035650826,3.0735755389432002
5.1604135707,-52.6329613477,-5.103313752204104,100.56978606221138,17047.52708708854
-63.890316,-57.593372333333,3.472869095958683,19.77615144112503,9742.04900218008
-23.5851749,-65.4023163,-9.625278611717912,88.98883856656497,15390.389074184759
-44.999689,169.208836,-6.945369845196553,63.392918063688455,10682.87263579191
-33.595447,0.091102,8.938610861942239,74.62881543392123,9155.102147007778
-21.2060947,-159.8118246,-0.6965780951678501,12.794806502851861,17450.497337571065
26.7962704,87.3265823,-15.891148039058594,87.53808937686792,4746.6793277924635
-24.105463492447,150.13445374824,-12.798253933881433,20.3387003953231,13191.770798006673
-12.8404007,45.1305141,-30.390335067046518,-56.64816470549145,10385.271344249726
17.1571093798,-61.838893611,12.210445872093276,-47.497520725330716,1636.9451194160736
-14.847316034152,13.577682338668,-5.527027798907223,33.34671620228444,2396.2963061978826
15.122021833333,104.30767146667,-3.4145539957685775,22.62047322715899,9216.878440581928
-77.8462184,166.670845,-18.457589633341,43.2550549940036,8727.77346402062
26.5318306,78.691701,-5.5491107485143285,-0.7657429899506722,9242.877563986269
-34.1057643,21.9047805,-5.495998102642561,23.511789560640047,3185.57118641495
-9.7831081,-66.8263132,-4.438996126257667,-5.496982553731338,6784.922651966192
-13.29646154995,25.080614508523,-1.721324062512199,77.6417637192887,5921.646839055876
-23.236336316584,150.49015202255,-11.307609756624002,106.82538278410453,4801.764074915402
16.1018592,168.1416576,26.95452269137463,5.650287872685899,14867.857036162693
35.219294547915,-97.453814466011,-7.514255129864332,-16.980262707545197,9633.804418952292
10.547407407407,37.025913700001,6.86975213631455,90.51938901021303,5887.39749152463
9.9327154789515,-83.882352031056,19.326654668736506,-35.578692211348084,5283.611584758736
6.8669387,158.2879326,19.514153291385647,-41.18681933635534,16388.567571015417
-30.17812645356,-37.665184339393,-30.406785830322942,-37.361453298606904,38.68965101795528
-22.998853093333,-54.190272333333,4.710938217115992,6.502868700227095,7267.33273963258
24.995728181639,56.32630893029,-16.18941970322851,-41.91698827599719,11568.77745857343
15.1650438,13.887645399999,15.369900072928287,14.003822512158733,25.965218542869145
-23.4134527,-57.4507462,-4.970513037119821,-32.11004679416932,3403.432087130328
-23.35002595,43.66944677,-0.2845670642220785,97.77805085112799,6371.781874652148
15.167177827869,120.5681025592,19.355131683647805,13.38918853980253,11175.149560100424
-22.949360405079,-54.117076759444,-11.290612687497392,-19.782399341281383,3859.826697683828
26.5570533,78.6994353,13.923123772591808,-88.2179245059033,15297.026765126957
25.2755101,93.2677594,-18.691802859409872,93.37120081175131,4888.954949875042
-8.8239765325,115.10629019583,19.554929741979258,36.14476464463671,9196.591138949545
-52.596608420126,-70.726781013836,1.6128175814466619,-32.420853697394605,7004.459212963815
15.117511,17.386710616667,-10.54646944449117,16.75267901929734,2854.5591219940707
42.4204442,-82.9833808,26.119520395284646,-22.141372352481202,5747.663328022723
-54.281364383692,-36.507863779586,-29.101582131374823,135.72341843616718,10713.306165116337
25.3013179,89.2261769,9.016934063888336,57.23156125570477,3834.8509724447663
-14.920330499313,13.501061182482,2.704091268180519,6.987034935384282,2086.880233738748
15.306656794821,-1.7212673601594,-1.9798863912006872,22.47412973584913,3282.9047047615272
8.3250504,48.3652268,-10.953667179058995,95.64858188368727,5653.185406409753
7.53298,99.0512439,17.90915240018643,57.13166681184354,4678.87361730441
36.981593557522,-120.5646477309,7.856506606340554,35.34990380868229,14433.909005731346
14.923266399972,100.2722157,16.67457771220089,-23.841683625439032,12947.41031992692
12.335745384919,21.53513967991,9.081178159895973,51.06277301701393,3244.64216626127
-23.3009855,43.6570395,-19.83511147172901,-70.99641222046824,11460.979164356511
15.11551068,14.187341766667,-2.547233142089338,-18.954712287549278,4142.450039966994
32.3477234412,-64.7175853327,-18.220302602675716,95.55340969400075,17492.82372598768
37.074579560103,-120.98731083451,1.9555259875361835,4.538540498585735,12929.801961838539
10.182924382222,99.096985459167,-0.8358527195052796,-4.587645001713201,11521.519353485994
-19.046892777778,-43.057623333333,-10.797189394821105,48.529854872157536,9781.887875428458
5.1028069000018,-1.2639977000027,1.5868022389358973,46.34043515813357,5297.397340092884
-22.733774799722,27.258150614722,7.921391757477604,26.44393693407147,3409.8513598221884
-20.9235712229,55.5291107993,24.75699644144913,10.687903857571822,7020.341521307651
13.370483893182,61.480693058723,13.370309766886443,58.6761702554105,303.39458041095514
30.835132900002,28.959908899998,9.81308579952376,59.59739149977373,3934.0016466561683
9.8409187939699,-83.917988125628,-12.908024362654361,-45.96232381078061,4895.018495042262
0.8445932846934,73.408397497232,12.829348217443659,66.92601120316597,1512.0131284178879
6.9140968,158.3015066,5.145796181440486,77.56417487356669,8919.554356100547
36.972961851326,-121.42669878189,15.000533253654192,83.03225206925966,13693.197129576016
0.0,-180.0,7.499849842596701,20.72168579475861,17570.924075755633
-31.854769015,115.88640678,-2.309346446490369,81.02996227261887,4907.624316790673
-36.888761609382,15.852724163759,-13.735896616649715,-9.412432904108384,3593.0497639262708
25.325154,93.059755,3.5381263912124656,-33.71587370220003,13444.772142942575
-28.007329736739,18.832708053045,3.4896176840848865,-25.363204991127688,5881.962696585757
17.231439039901,-88.844331895665,31.747353793483107,93.69792033765636,14562.146286508712
-20.890575,13.447186666667,-9.829249751760228,51.50896303463061,4249.628711788901
0.0,-180.0,29.597201422592263,43.01990126659464,14396.78557807204
38.07930209449,-47.476349586284,38.07935657031665,-47.46115717671479,1.3297739459806828
7.0691544,171.2902118,-1.4041099493332267,130.92402888509926,4576.670891965444
-77.8464606,166.6686199,-58.14000104705635,141.3946125392417,2384.122846587271
-34.868303123045,173.38132564897,0.3271879677470194,-24.58735166474878,15745.290180783153
15.122906199998,23.621224199998,1.9549090911099873,24.37042269811128,1466.519400831771
12.495994932432,-69.932530674847,26.06566196979728,-15.71474277765697,5844.9086618945685
-20.9364561,14.9556087,-6.427374828456162,54.58298358978115,4557.754670526258
1.9838180541992,-157.47537231445,-37.23834518802912,-56.80704102430563,11084.529578064872
-32.0048618,115.8906022,-0.9238463051935574,8.84524057085378,11551.633090033522
-14.922830699997,13.479362200002,9.356869242398613,-28.49239846663595,5355.82748976523
-26.162789008767,-48.907372162867,25.170432229582012,41.16548053279673,11216.112894609434
-15.008608190692,-70.389367592033,-0.9475559676457981,-57.897074690681585,2080.0806874235764
44.115067870137,-103.42558429996,13.590222866263828,-24.2598310240178,8101.4489129864905
10.407203611111,-75.455979722222,-12.569926341624994,-17.89849632894798,6849.29208874482
-13.12380361557,136.82375144958,-0.7961213525587844,78.22984667531476,6593.465675831075
40.2779877802,-11.7933163833,4.882466806668616,93.3830842254693,10928.01273720668
-25.239972127404,45.786236175784,-19.05183483967082,29.88144596804247,1774.919009964208
-77.8463822,166.6711724,6.645755307474085,47.982680693609325,11378.456168228577
8.7426564283889,-82.432898283,17.011118075547834,89.9759567311304,17032.246218606586
26.279242199972,127.74497669997,-34.340177891825654,-34.1118383720881,18060.5627173376
15.292861538485,-1.5607545924227,4.2336202685246835,35.20428178625342,4203.815235135138
-8.5708731458333,115.11194501667,4.127984409833556,55.965175208075905,6707.906265995417
26.5116990544,-78.6908126995,-3.51145597378549,-32.6939460630254,5962.267247343631
-13.6845304,50.021225099999,-1.892397189886199,72.13072745530758,2762.027039609254
-3.0764912083333,-60.07930048,17.1672930265506,-39.78834191991265,3166.308031565903
14.939090966667,103.78583986667,2.474449000794641,56.30391760228162,5385.453713608396
38.554098798333,-38.445941305,22.328274486789653,-36.53622557061745,1813.367684375137
15.165934372873,120.57148586336,2.8353706495556463,54.195650917437895,7391.007070479733
7.1329604785408,125.66170162446,7.224579998652402,100.93278053152581,2727.857502894078
-26.011343926788,-36.421469743888,-27.95080403383646,-36.34411252067152,215.79429167060323
25.5301152,45.943164,14.785202778212293,36.346972269629674,1557.7108257757104
14.990034174881,-24.420269216651,13.625996591292646,70.8088321783342,10164.447348704569
1.4959285604108,124.84476179898,0.05995508808600467,26.652251289760276,10918.020062831947
-9.4575177777778,160.101945,0.128183794796653,-74.01455521817716,13938.038999180553
4.9117974,-1.7561512,0.4401460791979852,84.38891545761388,9576.283487164274
25.957820700001,89.273217700001,0.285659872456479,98.02174068207636,3004.7824735525082
-35.3847242,-62.4161963,-8.49314458515368,-27.311451618209652,4650.660031983776
12.46359493118,21.631877738983,9.504068792928194,9.60983728698858,1352.6914309601113
25.026048039995,56.364613976441,-15.666012802727975,77.07784020609908,5051.128156607227
-4.1649945558441,138.98495151019,-1.4602091823858572,62.09204438372266,8542.391433229996
-14.88893538567,50.272758142679,16.17928223023119,-41.22395084602409,10619.07425536565
40.269087605668,-11.799009156275,-9.564280510863453,89.6541965457568,11662.172144781895
-14.937702777778,13.482955555556,-2.023983942333505,88.76989852462687,8369.10222543462
-5.354813,104.972425,16.877873227041242,11.909759999666411,10504.976377413157
-26.22355134483,-48.520155641861,-4.450804070694312,-21.43370660830502,3763.153673240133
26.28329598727,-98.165747624323,22.7455057378601,-35.97514366521459,6243.934429444305
-3.4052697078032,-10.182718105778,-5.3733120665125575,-16.065771433572486,687.9468019751525
15.0959859,24.140637885625,4.114412590174418,56.850266227184804,3781.3342702295595
7.0640317,171.1974885,-5.654804538096043,54.63065073946497,13008.475489236913
13.35536784,20.77188802,5.785094217955131,18.492822439821115,878.0289281998589
14.6390422,62.087312132265,14.166438947847757,44.12684081983956,1934.5593365378977
2.0198804442477,-157.48738634093,-10.989718790895044,-104.29837888622748,6056.979945277695
15.062957400002,-23.697440300003,11.848970591575949,44.787358412562966,7386.0286311855225
-6.169849,106.767166,-5.569752469157664,120.54039611174849,1524.8982546124428
13.255185185185,38.217860100002,6.849029155214668,-74.71409103284631,12280.23735758637
15.1669291175,120.56863418333,9.099163183435603,70.04871975200396,5521.987117819281
-9.4408880555556,160.12913194444,17.651205034595154,82.87131337879153,8999.296418346203
15.1219604,104.3074056,-21.498664286835076,20.639762531552805,9985.479147396396
-33.396218044,-70.657858396,-8.336050853100197,10.505233822336427,8681.083161407701
1.3507000096386,172.94461038735,5.046161901572661,22.46791755161982,16659.454508444618
33.549661806032,-117.18168053265,-10.069355856014445,-0.5280639122883076,13086.8452486665
-8.0712174999722,-79.0059901,-10.537105011134694,-0.194859181722755,8629.884296392713
-33.857605533434,121.89686374306,-22.312499881887582,62.08615936101886,5924.9875570352615
35.227797556958,-93.97266573631,14.674391414811899,39.510124897205564,12613.017122793264
25.5259868,45.948947399997,15.590303340577135,-17.956202719044654,6685.421561415681
15.240738469167,120.56977383333,7.669238793481142,-6.3873819880421046,13640.300988487023
40.144857956762,-74.954838823552,11.801052623159277,90.88158249309349,14056.938152512907
15.122746646667,104.30417212333,8.200205029236761,-90.02191472883466,16978.8769456404
15.0967796,23.648350599998,-1.9972812378752354,51.872025319292355,3640.8610487707256
5.6084405,-0.2263995,20.281528620738055,26.026820079634064,3270.6951318116476
7.1229269133333,125.630995775,-1.5813322057521857,17.651532015403852,12012.95165726531
-8.5416922999722,126.8281996,-3.8428823530159586,24.150763149183664,11333.244315568709
0.0,-180.0,-8.663357872465708,7.304554087391881,18757.047056204156
-3.2330664,151.9766689,4.598967334936799,103.95399402274755,5405.8736087770885
35.2442944,-91.7050972,7.107326553261409,67.90914175312409,14843.748864053763
5.83214,10.157411,-5.2520035442783835,-11.403403267842469,2692.342819117174
43.4979914,-114.2860467,27.509120593817368,-96.76295906326443,2372.5131711900362
-25.21431561228,45.865699732758,-13.736226296638417,34.14943471488036,1769.1847175596881
-23.8578415755,29.3838375527,3.1609973387515966,63.473589863475965,4757.169576000516
3.0661336582294,24.122642871053,6.142254186885212,-17.954126275229893,4674.865245529265
38.07497792464,-48.682289237867,38.07674590688137,-48.18922815050711,43.159059357375874
-16.292845599972,-39.0305472,14.099257217223682,59.74788232111102,11358.184882705273
26.5337964,78.7303044,24.003171810360833,-59.964727418502115,12855.23035656923
24.0318229,90.2635312,22.19031911264269,57.650376173935186,3334.3232810156715
3.6343090973529,72.958521433431,12.246162790749567,76.83278126548036,1048.173799306232
-8.5281679075,115.14154701083,2.5093996235659994,40.69398360840444,8342.327546645074
-30.226267833333,149.4414095,0.3283753552795268,73.89400013561638,8641.61934402584
15.5181004125,-88.022790445,-3.703156547379547,27.69079342046572,12870.940279089691
10.79195346495,-74.912067248212,7.953823498524017,85.00681729675246,16968.28480765617
26.212904918006,127.65622213281,0.9471978464671049,144.45586536331666,3335.48562878459
4.4377851794846,72.962156243905,6.604494262572428,51.30064567282472,2409.271092767438
-9.4465039,160.1351047,-16.661809988374944,-33.079787288192605,16768.416974960564
-33.655123,0.281092,-4.399316460749827,-52.072815438437324,6301.718594329472
-6.2974772999722,176.3184621,-6.2932425463826895,176.317813070527,0.47631566889561544
26.3714595,-98.8582796,13.609285836667532,28.669408550743526,12810.592051685593
-31.952295616921,115.88061140871,2.9247802921648725,91.56769644828915,4650.330537484072
25.0913228,47.9080201,25.20395552504763,48.320076777650456,43.32538807819086
31.9187383,118.6654347,5.357961756237648,65.8215662711677,6222.283126888581
-25.0358789,45.1267758,-24.91956808034803,61.099543187392115,1609.0926559634474
27.975181,108.219907,5.0832743200938175,44.66923959167776,7151.829835969862
-12.8436828,45.1854114,-10.481939653580627,-49.005334935334595,10196.274828190803
22.71647638919,39.106521878284,16.09154912432819,12.156376080066966,2915.9803357118544
-0.89901916666667,-89.609458055556,24.544676616757847,48.381754667539795,14791.84703922171
23.274921205988,88.941672778443,14.73945256299896,-28.33913235501262,11993.278180159827
23.064965256667,3.6806229166667,-25.477158234590096,106.0765093464409,12264.024579549105
-23.135,150.3675667,-9.755494811811257,-46.501621878127615,15922.911135391701
33.516138700002,10.3857115,-10.569584985131979,56.87975620809992,6941.11002598933
-23.037034357143,-50.074852716484,13.782925054517968,-32.63569414639682,4512.8436119908165
-28.058546782578,19.280112910272,9.224934178313084,45.846664316623176,5034.587456220807
14.9146152,100.40404959997,-3.1380975506129083,53.1638959537182,5574.758443942724
30.836243900001,29.238791699999,-9.045773884957235,6.856555564936408,5036.322052348622
-25.450980555556,-49.296069444444,-2.195693469474132,-3.0651497040719313,5577.694296373907
0.0,0.0,13.537584280395677,34.78499707579391,4115.856836626885
9.935565,-84.057667,6.202652786164072,53.53413792178854,14986.843609769016
-22.721768856049,-22.721768856049,-5.431763580897432,52.59447529193319,8270.226121147129
1.9765285,44.97474,-6.087212241789114,3.546367452311721,4686.254085125802
-23.457994748588,150.4148124106,-21.287901624333845,141.6238952891966,935.3751765690712
-12.588425,-69.1717917,-8.922840824828569,11.375549875146069,8775.699745390331
-0.5030972,166.9398662,-9.688482245845881,1.3737928306922658,18056.330746667256
27.945975,179.8463067,0.35231348464031664,91.46989595045159,9829.702938872213
-11.487362671327,25.222101916413,0.36588554124596245,95.36093105227818,7853.758536008189
-0.5356668,-90.314485199972,-7.024976386681387,27.028151531242585,13014.875544016393
-27.087740977669,-109.38067790525,-19.65162074049957,1.0282143392419476,10897.583469468256
33.622669718868,10.294942888679,-13.905722104691927,10.136871684087867,5284.942611658067
42.4632740004,-82.8990323465,5.524264651088755,118.11595172509583,14271.778725600276
33.995959530855,-109.74937617286,7.63284531076909,-22.89252372477714,9245.521314168538
-0.2869684,36.1252552,2.3344204314587516,-6.803781236483221,4781.164217847104
3.7438853248408,98.680402207006,12.08193049158149,44.63813415557775,6013.669886144897
-23.4638855,150.3999978,23.81368087910471,21.62903828725278,14826.41693050888
-32.75750222333,134.92936127069,-13.355035951321824,137.8655529147334,2177.9626365999666
-35.372933,-62.2463832,-19.741696837077235,8.94244180384512,7083.533100896597
-6.2891951999723,176.31418059997,3.139635062741662,130.93096291238035,5146.523797925533
-4.5657694533971,136.87769099789,-5.893052264084626,128.13761993885842,978.9653880026872
-27.11471,-109.402579,18.584824212215956,-13.942244481524828,11456.93179453737
43.2419976,-118.5166453,-2.5694469859803912,95.49606451287804,14382.11815679648
10.401008464286,-75.464619452381,-6.08082200444687,-31.409663253888887,5210.7763875483515
7.495314,99.0750435,-7.877372616688923,-35.57154164586239,15019.644691278083
6.957953,158.278523,5.711363895747372,114.479141123283,4840.895348120539
37.030175426489,-121.7851112805,7.043337268276087,42.817554429953574,14859.08454806159
19.883200411511,41.330940328896,7.021421759343437,5.344226439309457,4133.753251068859
-23.52144943,44.32332319,-6.680220192883476,-45.204148430932825,9663.749922971492
5.6293520516667,-0.12414067972222,15.94486162078851,-83.91453890680518,9174.070305392834
9.929792,-84.078946,2.1137307416972004,17.43544756805039,11226.280184412704
12.205291620007,-68.990656209987,18.159303022734726,-33.762111629099415,3831.812840702655
28.292887207898,68.773070659496,10.297332902099225,1.99126417790432,7201.957038153585
33.934691623393,-109.93722865887,-6.00869576066545,-44.624054718658854,8158.442228652832
6.0424945164476,121.02591477469,-2.2809825035562246,-18.88633399334369,15550.968868760914
-21.18727,-175.19962,-10.449622702469425,96.67067902665676,9398.332374735388
22.276842927297,39.113411647983,8.34301315284816,37.435385030334274,1559.7252732737634
9.930997,-84.005315,-4.865030143834142,52.384542533697456,15177.026288653939
-6.8183764069841,155.73429603228,-7.354457917397035,102.77434570694791,5840.718865218007
-11.685943270029,25.208873268462,-2.753737141556964,22.239021484588275,1045.7440888869723
-4.4280479,-56.2878237,19.50647377552011,-7.499771692813049,5960.222598480569
32.6882898,-16.7845041,2.1443325104710764,-8.016842872632472,3517.5905710940656
27.0659653,142.2170907,10.078520858067838,73.5670047768676,7393.998603789463
-64.626667,-62.543333,-24.51346431572706,10.896150867146748,6774.124986455602
-22.927298533333,-54.49202541,-5.776742841964083,-17.55865923974595,4391.853178212149
5.1076762246475,-1.2524351662492,11.371169773282212,19.23112917308289,2357.918333933975
-9.7302409000024,-66.884212100002,9.624346223343222,84.10429210821401,16836.023181499215
15.122714146667,104.30425288333,5.5987529512956975,-2.8361497180983952,11668.076631253454
-12.8435456,45.1853102,11.984864993721766,96.57347272524046,6304.875994174507
21.532881888581,39.159117545969,-0.8801313510232747,-8.043621733682542,5695.8592574642935
39.436488719667,-31.257966812694,31.710560370619074,-20.960074541922,1265.4422112974964
25.38016,105.636433,-2.884648655403524,85.74576059710706,3804.482029829419
7.6942756333333,59.182804744762,9.548901947503923,65.43524241162834,717.6138644048656
-32.047769,115.98027,6.7028808129238655,33.822335603364266,9670.204999330606
6.7624817,81.2513955,3.232719307086831,1.7469113730860175,8807.530436929968
-8.59071710625,115.0754258875,-5.733119247236279,81.18183499981811,3751.5846557720483
-24.583468521453,-39.520749153334,-28.75002335426687,-35.91812552618414,585.3980334874246
-21.2056078,-159.7700092,-0.19996733081000495,34.699307823837366,17162.858329782986
-9.0209067183267,-26.972938198018,-4.756183004551497,-14.221212373208997,1485.0596646395377
9.0167043571939,38.716580792538,-9.510117732531759,7.662708373098142,4007.8161155188745
9.887887282,-83.935214192,-6.229384025271927,127.76809323667946,16502.548949301126
40.143671,-74.973589,6.99821805891933,109.65295738761077,14751.694537332445
14.875369272062,-24.725514957216,10.37158135398767,17.075700979426127,4556.9093360585075
-12.8270776,45.1932549,-0.9334227033644957,66.94696231095219,2737.419562800999
-35.086054043358,-32.561044387261,-34.962089217105145,-32.54721130902539,13.841693003702613
35.107224820163,-90.581351962905,-14.910619825904744,14.695031768656348,12328.311190873086
-4.356925,55.830535,-7.9550417870249035,-15.469962879216467,7884.408307386083
6.8658843,81.0519393,6.656947043882311,33.01601571012634,5301.9363420299205
44.931056164167,-109.65017781583,11.957082617539363,13.999048832008151,11534.935385268536
8.7517027,-83.3515175,1.5342543200410335,1.9367731443379175,9463.88013764668
25.0210158,47.1874071,25.52866855589961,45.8956010707537,141.62587649078836
21.031726598739,-104.24926757812,3.937332211345804,-41.69029744260279,7006.9058894085965
10.460375,-73.2376,-15.554730996693173,40.280366460490825,12816.27140844594
6.3988614,125.2295224,-14.007562936355852,-66.32986393964079,18494.1279587821
30.5664857,-81.8335613,-18.26245354809371,74.83537086620858,17294.03733143731
7.1111579294294,125.63224614114,15.882733082737108,42.2727573902951,9085.321608944723
-29.043033642321,167.97008976143,-6.3924076817260085,81.94985221388002,9277.421397300763
17.020263648128,-25.135702031455,27.969254567486264,72.31278311588261,9830.396477485268
-9.462902,160.132781,0.8341042419817623,49.991769199823274,12231.329721761682
-11.820269609191,25.153872414086,4.66046767107977,33.70501551533034,2062.18510661889
-33.753513036036,121.74037542543,-30.978338346918157,126.18485876914241,519.0092255605931
-3.3475711,-64.7112361,-16.688425776385497,-88.27121261850736,2969.8600878080165
38.07065375479,-49.88822888945,38.071127374006586,-49.75616130443344,11.5610550744347
-52.208524407888,-69.039845860842,-18.647625883488622,7.721735487331329,7485.23560663184
26.4103126,127.81947429997,-7.656434152356663,2.8345750930185054,13857.669863280791
22.6232784,114.0192875,-16.68437220383436,69.17096079745146,6550.119987572232
-23.907530989874,150.19717351062,-9.503986818610173,92.99257859809944,6256.884111232785
12.058009430764,21.622077701612,-3.380595325179949,36.631298194463525,2387.3228802263247
15.2659479,5.5985898,17.495976071925558,61.719018151976535,5970.809619674562
-26.229642594582,-35.956837725569,-13.361329393493895,76.40969969556565,11485.927631324812
-35.6164129,-62.4181749,-27.41322922392349,-69.14137884587998,1112.0225948634932
-35.003961111111,117.51656111111,-13.21261494618,84.9991392873065,4062.1429230658005
-37.3244203,-59.0841813,-5.253401394987112,65.31964892493293,12573.195352759907
35.240985,-97.467619,4.875423004808309,78.90427451612726,15538.243538866762
6.437578,46.7852912,15.414666659847086,-71.15540855490482,12762.370516874746
-0.2796691,36.1132625,7.172099271903144,58.18935214234024,2584.906968558689
7.0804618455949,125.57460410854,-5.315244382937098,77.31321109783563,5529.667114157803
10.4811222,-73.2816767,-7.093023374922428,51.56833829611961,13949.918592173679
-33.463317131,-70.6571568597,10.90064759717154,-15.47022186455244,7638.072010066572
13.447515016627,144.816691127,-21.398403016189963,-29.94387015375361,18971.075858782246
37.025226178891,-121.52581026183,34.935330847581724,-57.044173583585895,5691.643076750544
-33.34789545596,-33.454741488637,2.4036510417381125,-11.017009215999028,4620.182520672756
12.832878869959,21.808788534256,-1.39129217122004,44.21469459030239,2934.9136645573462
25.1003653,89.0334918,-4.220709361088764,-21.8226980954693,12304.338610091529
-9.4324981,160.0765172,-2.1140258533382204,55.68574899224051,11544.839385378096
-14.781501330449,13.77478337848,10.39410730330707,31.30746412132136,3401.4888491423626
14.772873333333,5.8224316666667,14.328974243592706,49.333665476876774,4675.782301431797
-54.421600243129,3.3908897514204,-54.42170100967633,3.389691813168691,0.07830633646971535
-19.537448681003,-32.904817063275,-7.786933919272347,68.41801634422784,10889.655150317958
6.8758414000023,158.333766,9.907078708410651,131.94664263432134,2921.291874937833
1.3293492,172.9879443,-0.8755951398301539,46.331948724338105,14084.490114428914
-8.1440950255255,115.05046643093,7.542559719963001,55.99404020095999,6774.1520679803025
9.5434665,138.1661277,1.4852091274337507,104.40843139066544,3838.6519625061946
-51.693912627456,-57.838930641239,-0.5092666363633161,71.419571905276,12527.28514909686
32.478968312757,3.6855716999989,25.898644495832624,-50.69153992801015,5273.493072703886
20.146117318754673,17.3725349593167,-7.8847599325631075,153.65456767277598,15122.723767641472
-45.5774281,167.7595447,3.3664537575047215,-84.2947297651168,11664.995223524795
-35.392391694632,-32.595228218471,-35.42655295444549,-32.599040230264656,3.814236523083875
25.441905,105.950494,4.155994134370542,13.688094709442282,10035.704848784622
7.4228586510204,51.74655839102,7.101784287760575,50.61101055235353,130.2428075836131
-25.20560375128,45.929656127074,-8.67787667891659,34.31831795339974,2211.0941597617098
-52.340663,-68.382507,17.199277235035307,-32.948268844051455,8453.895439435106
-25.0039848,45.1491369,-17.958166181780477,69.86210016341124,2669.5569583591946
26.726333499972,127.81234399997,-18.182781839287028,15.040632661876533,13116.04040511229
2.0010597705841,-157.48152160645,1.6473156490338088,8.16442454451274,18368.508679089908
-4.5663216414502,136.88008716158,-6.514939988773872,129.95818552941594,796.0961807201459
5.3685378227403,162.99637681597,18.924681838561813,-74.8283595139463,13133.280548525718
15.792004178374,80.40941464257,10.360794451883622,1.7261372832709043,8498.247333449037
-2.227127,-80.91759,6.551117868684224,7.052959812032297,9811.784336598645
-6.107934,177.33813829997,-10.95633884689303,-25.09757804905707,16889.956978778697
-4.7015092999977,145.6189652,16.06094210632185,81.49437887489952,7418.445540498392
-35.116687808485,-32.564462770382,-34.96265713844062,-32.54727468264921,17.19876466636755
-23.414630555556,-57.447038611111,-2.238881739664328,-80.35771616864433,3410.079306912562
-6.2901198,176.31460999997,-6.2931260057163145,176.3169819798261,0.42481688039869353
-26.271034504961,-69.095951751946,5.029621923441719,61.80876858406291,14298.304972342208
5.722709,10.185999,2.0977574890307342,27.82180258314922,1997.1770272899164
-4.0875138888889,-63.141616666667,-1.1659097416712274,-38.5674447344441,2748.5752628845366
-45.4181932,167.7125989,-7.1850646665478415,53.13941700837441,11293.798777499462
12.2562336,-39.845346248889,17.998292524038696,-49.92228889129265,1255.5048742713475
39.436601875361,-31.257857261222,13.747052220245294,29.699755245041384,6559.717022036504
-36.5223740262,150.03429042163,4.329573860216347,28.377179454319702,13092.34418432649
-5.5573742,150.2979314,9.64130917570447,15.126160534404573,15056.8158656604
-45.871285,170.69591,3.174166547909745,-4.021103087908157,15239.703719862528
-0.55185376545455,166.93827765293,-4.720676453146337,61.455084149749425,11717.89025617865
-4.2251485,-69.9544572,6.778943636852637,13.476341042212036,9339.928482114483
38.095485057033,-14.660278899665,38.078122856572925,-37.33147809722462,1979.1914786101515
-17.9103254,178.56551569997,-21.92295039806169,150.81424900058707,2931.202535921411
-34.940651440972,-57.963316747889,3.0618823776498583,29.755054552149215,9994.822505974005
15.1498291,11.387724961505,15.1498291,22.77007594455612,1221.5348663733444
-45.830683446751,170.67283417158,6.621346118352773,26.192794034246493,14482.476262522812
25.6864355,45.6612632,13.39705316226125,16.525681985098526,3334.110581590475
-8.5638333,125.5529444,8.705113022595526,87.04277995988733,4678.014294393401
25.2480322,48.6639663,25.227470856070163,48.52412793673316,14.249688247331646
-13.27686988884,-50.49943911117,-0.8723766743176791,26.112090081569377,8536.611161491473
31.066538899999,28.081366700002,24.818812934453412,20.115344420718614,1045.7633923214812
-20.038829,28.858787,-28.261372698936746,19.678285314397076,1304.1877401945646
4.898843,-1.7550753,16.12657018004819,-9.950566964969079,1535.7738254399349
-21.2250183,-159.7400304,6.335901744235522,7.560583835372994,17868.245581216623
5.788075,10.161461,7.140054380754743,25.04171838309882,1650.8508315453573
-43.7576872,-176.3210408,-10.67917581151999,-111.20851234690048,7197.846834843341
33.547045472428,-117.20677415514,-0.5841574252850139,-55.002278815248054,7503.546575023036
33.945222703435,-109.73963821006,12.61932208141397,22.2603360858141,12766.82900473416
6.0565844885105,121.0156956271,14.10182461754539,-2.5053919004814986,13394.304465357702
-27.142808,-109.412132,-29.847963330649574,25.15321098856274,12046.18193902364
4.4367553279743,72.958173322508,3.4125635756064843,93.24497226048234,2253.292680260246
14.944860181098,-24.385018708537,14.94895733065106,8.363904359476601,3515.0190584321385
40.283316224324,-11.789429740841,10.211397873635748,2.69184860110996,3635.6752701593487
-11.561042723077,25.204765757542,13.989146985219968,78.08145093050312,6483.919520175879
18.448618439733,-77.918797740533,3.3959340800559104,46.94305253041974,13510.391984312586
-30.2217484,149.4506862,-1.5104507188067486,20.734949749048514,13543.81021420849
34.01673637,-109.5694386,0.28495739872764103,45.15320769613114,15379.033056740758
13.3615316,43.578414309677,6.907806354478528,59.55118906571201,1888.8207862888376
-45.5126125,167.8296561,25.986178176542012,-8.025993925485484,17812.665638259037
-25.213171249956,45.894006193828,22.81621497106674,46.180426298064226,5340.713366049965
15.8073369648,120.4578315784,-14.14614595618512,28.411827977551674,10644.969904513966
42.4281331,-82.9566178,19.243900448180053,-45.38026966683695,4361.6090371013925
-19.343631166167,146.7284153535,-15.902971604113956,53.38012082767637,9766.907280035794
-21.491091247013,27.415522267287,-11.363414316022258,23.230474223533427,1211.1073304346244
-0.3025090454978,73.435716278117,-2.3268809255002743,40.0592685379891,3716.9140855716164
14.891065094314,103.72376911373,16.598105047679823,43.24402360099399,6450.573870024789
36.976785351581,-120.59051168527,11.206208716450341,7.294675926641952,12383.368412249654
14.893553713333,103.44963977333,2.6133706940897556,27.60644583592121,8411.969480278007
-9.820647699999,-66.872840599998,-0.675228639809263,-65.99970720047536,1021.4997282481321
22.452743877678,114.1402998102,1.2939373315738862,29.34440827192762,9417.822725693768
-9.4508624327653,160.13937074086,-8.47729946091336,74.08501239253594,9424.799749006852
32.378672529,-64.6893682424,2.43200831533727,41.750946829662894,11395.106952038634
-9.761908,-66.7564826,16.151426930617205,-29.548564851788043,5006.826062605814
-64.933332999867,-63.665,-4.510924091636997,-17.4891980027526,7635.994867463829
2.4307041,45.0011564,1.8904908517538623,47.46566299712763,280.3555498012688
14.9483504,102.12600399997,-1.5918316328432558,-1.3736719065478913,11503.25784380132
4.9063124,-1.7574514,4.811247576503736,82.77905610312348,9358.479110282015
26.219322777778,-98.149464444444,-14.439688298472904,-21.454135757509913,9434.914084660833
-54.565587,158.91577,9.014912571550983,48.07358578319139,12159.588736244265
10.671991,37.0560949,7.694161894821345,-5.9709163612670455,4731.09714726007
-4.6961261,145.6126706,-2.181095039588988,42.679562891751054,11419.316082044697
0.0,-180.0,8.89988493003867,45.990119545252725,14827.529442817151
5.0146183278,115.0630209502,19.985312626003754,64.62527220801375,5696.928964604891
40.144952931122,-75.007080848017,17.689918731247243,-4.715561626481824,7094.226886342901
15.1661633875,120.5700104675,-3.731292777892955,137.35920428064526,2798.840851555493
-16.429847851645,179.37420373579,5.750960375914488,48.93370119596164,14493.646045956231
-0.5438828,166.9179968,-3.865687325741122,-26.162517459883215,18481.10000827191
-37.167230821355,139.77539525694,-21.887596253537218,86.47558279617708,5354.544388420901
-32.25066772436,-34.912202475437,-31.91052557123539,-35.36401744863546,56.94325554687836
33.8448333,10.9882339,-14.22889382307197,19.238483894385045,5416.5473804148105
-34.931911882,-57.9427570291,-17.50380518283128,94.69386430033099,13507.705963082328
44.869177999972,-107.26903649997,5.038674606637098,1.0512397617267681,11030.967186811993
0.0,-180.0,5.194475125614683,44.58314043455552,15031.17520638597
13.3247173,79.9471259,0.06658692143814958,-97.05859202048276,18489.9264790114
-5.7925934791565,-35.328304290771,8.93584946673114,13.273186069457866,5630.395283085896
-32.173762483848,18.86811811111,-5.318597480299898,88.90690209481316,7817.144573921877
10.9448190127,-74.8336727545,4.717795408670176,8.194904992229263,9148.819019137582
27.0992788,142.2094339,-8.385284763081277,34.60313605999171,12169.176004629566
7.5212014583223,134.51801135152,3.004602049266553,45.95841542171517,9805.245878734582
-13.252088774392,-50.131473051449,3.2349104414778025,96.38515510795195,16171.579401296187
15.291338878,-88.255677115,-27.9330384572124,12.942676000375611,11875.713375897285
23.9705137,90.2659653,17.95781072250847,49.731508143445964,4247.260225880717
-8.737685037416,125.56460391312,3.09591874557583,102.34802267505508,2890.6150261189673
-18.612210349112,-174.00089703609,9.145225474876,-33.3446455204862,15649.959980740186
-45.4305955,167.7620574,6.852110163729387,17.552053317528422,14856.16845475109
16.133585100003,168.129909,17.33407621310758,89.89883003917407,8266.912121270054
4.9114366,-1.7564878,15.402977790197736,26.84259557706553,3335.066486385558
-5.9872120264509,-17.900337049058,-5.743583279883846,-17.173075932063234,84.88327717377636
-3.2501097,152.0226436,-1.3303107403742234,119.14205655154075,3659.210699304291
-21.2719856,-159.749406,5.74906066474118,13.30192381704036,18133.694630923408
42.579408333333,-81.799616666667,42.498673419298285,-81.99155205456134,18.107392522193617
-21.140748,-175.174959,12.509155907753199,54.174045047875204,14696.345653498893
9.86541,-83.919872,7.661137279365878,-38.44281349767998,5000.218477106944
-35.4397716,-62.4911975,-3.9578610156598546,-52.88881764666101,3637.176623008045
15.11910603,18.56148597,7.94079073273898,38.32167215254942,2294.2024691444817
-13.1478652,-41.5981353,-5.388004943104836,73.0657612388447,12513.001011366645
-22.91284924,44.53907087,3.6640496480964253,58.06063397987628,3299.603082440556
3.6978022710645,98.686420613193,-16.226552931076405,100.84072646874901,2228.1135671839193
35.2305339,-91.7922503,-8.587038494988962,31.70579064462909,13580.665226172758
36.95247018536,-120.55000004131,33.02551157234929,-44.62133262030878,6741.09835504419
43.322493045919,-114.28116854839,5.743252443898068,-27.865506431088644,9280.227606480097
-2.2710393999722,-80.924600499972,-0.5327274533474646,2.926848851596576,9322.063547144251
-35.3747444,-62.2461496,-0.8741495401103968,5.850611198629021,7979.553293624017
-4.5062942,145.461565,4.801120188390249,135.24928203129184,1535.4905360383357
-5.8439183582409,-17.487937852317,-5.64276697977882,-16.885991933532775,70.25299620872877
-8.5729444,125.5358056,-4.1796449328098,-16.922163524138405,15617.609575941948
-2.635515,-56.7516735,-12.396600063553096,67.30763697353923,13615.66701412808
-0.288354,36.1163573,6.945958358592685,22.82599588972758,1679.500755099624
-3.4372003,152.1871097,-7.9535697774388225,99.75842856314523,5818.991741427906
-8.539702,115.12654,9.898782324148923,97.28053034543574,2847.2286837289066
31.6356593,118.9743126,-2.586834698275932,71.11449176311208,6320.241432332461
-5.7253823280334,-35.203563690186,11.518760004875682,4.297367968608504,4771.780291950111
32.429022,117.497986,6.662383904384456,-44.84871607186536,15283.501897815597
-23.8587365951,29.3289214186,-13.081702504055206,96.32228223210738,7106.9560871313015
-12.198622944731,-69.122746720015,-1.9944508965715666,-20.56079648111513,5467.353913250254
21.604196927651,39.207954823685,-0.04144835555055377,109.13639679731901,7940.270760294219
-9.7677699719078,-66.788262008386,-2.881003003635353,33.7043728451411,11100.523186096258
7.296020125,56.001028106667,2.96415077579546,24.80576666041618,3487.0892025047788
34.615351300667,10.007456116878,1.6625484119419989,68.81017537855979,7086.490877470587
-4.4133777,-56.285828,12.032889435031711,-24.784231730941038,3933.561415111162
38.07930209449,-47.476349586284,38.07935657031665,-47.46115717671479,1.3297739459806828
-23.8602198567,29.4254253712,-25.90266550939512,96.06290223261087,6650.124270334301
-8.821389998325,115.14501253266,6.660593182725159,116.20470789236104,1725.519963573762
6.7798322,81.2674587,-3.436734250610514,49.584572277788986,3695.667708895248
-6.2926947999722,176.3152967,-6.292942609401077,176.31831534532685,0.3347715695558226
-44.287588443717,171.00097483198,-10.124697065044144,-39.308367536746665,13238.144194520666
-25.188655042114,46.013287356149,-8.69167962400537,15.874804639535848,3678.336249744355
-54.355288888889,-67.251233333333,-3.2470230222858047,-45.87729263845834,6004.141748842117
-8.068883760544,-24.126344479097,-7.843885688133021,-23.453589589670067,78.19706228514221
-19.2454535,146.808662,-13.16884392562081,18.635066965779313,13292.517303709876
2.0324978845973,-157.42218254215,0.8264343583595058,-48.58977755313153,12096.57563779124
-3.0900050543071,-60.060900539326,-28.09430979746067,147.09918654643025,15491.797440208515
22.187234444444,-159.34219111111,-4.115337302050807,69.07771551429568,14432.533952188012
42.7785028,-117.8552222,14.85871915084251,65.22050986059507,13598.414909573765
31.911827460118,35.852546975948,8.563814061749131,-4.7291632645522625,4921.108262890608
10.61645,49.5886971,14.409828171654446,-31.82874981345126,8803.1902579863
-6.2868554,176.31439449997,2.102320744428687,46.78222962690278,14401.36525497381
-77.8465053,166.6690148,-66.51518187800909,139.63496953930058,1528.974866994866
27.0854802,142.2087426,-13.49589281627223,-3.9453611222902563,16192.013197429165
40.279406221822,-11.792088068569,-13.926181264137888,0.4008516040169678,6157.635824506597
-37.473883415735,139.9949964229,-7.939086834501542,39.31412453592364,10400.553758660852
40.26489342837,-11.801411461167,21.322657077778814,22.356833954195814,3846.396188552095
4.1247808299159,73.472573091848,0.12178964254536434,4.652732445164501,7657.771445650002
16.89112,7.9678333333333,10.343826826859315,4.435479826497115,821.9225385699516
-3.0850493066667,-60.054962235,6.776814873491222,28.01029684492678,9834.70214383726
6.9368541,158.2786879,3.705717660641393,-6.01704800777732,17908.303974545273
-5.7638964653015,-35.196876525879,-32.51133518898103,-29.09307359123251,3040.821934630075
-32.003092,115.8940259,9.190491882243709,50.499789049301135,8305.98759509235
26.547046,78.6970475,21.421576296776685,79.03691389409752,570.9700923095374
-35.389869,-62.414762,-3.3750034225290495,-35.07585784796184,4536.589169083395
-9.3075716885144,147.23190891511,-0.8377171098078363,31.999524395267805,12756.8746109247
26.240624166667,-98.144456111111,-13.372762524303702,78.93074058920894,18552.082477004773
36.963890064542,-121.39493783947,-14.924341910744365,70.09090438500634,17313.985952190436
14.742552461834,74.257503863905,23.54846310431755,-6.448398633227558,8431.593323401972
3.7824244491195,98.682284048707,-11.823179327271125,49.37649988794371,5720.28506589293
13.935312330071,-89.85635873816,-10.666932762080004,56.2526323573662,16318.285903479276
38.08904361536,-34.267062162398,38.085717797456255,-43.323413144392354,792.2820381423078
37.028234782338,-122.03940141747,-2.7586356877190594,-36.83163095609068,9767.716771540312
10.3275135,39.934229700002,8.779266617077136,-43.68260098132952,9141.887458506642
-19.537597058441,135.58486698052,-10.937690570224069,104.31740651159781,3481.6139206287507
-4.3490023445378,55.775615880318,-2.5443736246409077,64.77938263707577,1019.2647303450694
37.749726907291,-25.638826475585,-19.50251008099981,49.12522256988914,10061.813204872189
5.2052323612778,-52.742179054778,-11.588411214781098,-24.64001889161753,3626.2832326777166
15.12264382,104.30448732,-0.7556080443440626,-34.753859519231014,15245.314718207675
-23.133600333333,150.40603525,-11.275958708161024,103.2445866283012,5155.977499179818
9.7497690271206,49.195275094472,20.222403431629946,-15.06799293934056,6961.367148357275
-4.357022,55.831538,-7.388493438660847,76.04152194905538,2260.33671171758
15.122900233333,104.30399195333,-0.4790075522613355,45.33338708369668,6705.28274324353
24.990547725674,68.414767733572,-9.437099070485747,-39.026404680916485,12199.188825280382
-61.33,-62.865,-18.451891532299765,2.0252557435160514,6884.3044317815165
42.398054976861,-82.934462702889,22.24808013002781,-5.110747851006305,7389.540723093698
17.9973437,-15.6422955,1.1291103702967535,-38.85364906966378,3153.1276873888896
0.0,0.0,1.5103976013224365,27.13132264837932,3021.1824129257297
-33.872090307463,121.8909173393,-26.1122753449029,119.1737645986274,901.5405239576133
10.9351972625,-74.7732170125,-8.212227146081572,8.421210651879866,9445.79062044187
-45.4978217,-72.1463824,18.501984470760576,58.25486510506885,14575.779668699975
6.7984352,81.112763499972,8.750560806742442,60.68541312225061,2260.648544399789
7.1621640125,125.63093881667,-1.5191035765938818,42.907289564405936,9226.302093895587
7.5470123,99.0766856,14.830827464861716,40.26691215495771,6449.374975292076
15.121971966667,104.3077528,-0.5625402584846934,-21.723133877399086,13874.590787316205
16.198723128832,-0.49635150152284,14.909263026154248,1.8916259953808228,293.2426369728437
13.483807738375,144.85492566534,2.6190830876820863,65.25908007695215,8815.050785584444
5.10007549,9.9344592899999,7.217822889390369,13.46918198936355,456.2218598565261
-16.34139530129,-39.006207225968,-25.043682814476636,-52.34987196722399,1690.143786758176
10.4547944,-73.2625528,-16.01360660086881,38.83831036605847,12668.948379960713
-35.347871498234,-72.413745294701,5.816177318650884,110.81673753548047,16714.68365618222
32.7026792,-16.774809,0.5372248994509573,1.2137080804541986,4042.2405177610094
1.9929092897326,-157.38374008229,2.0016900965723123,-157.40737721146127,2.8023278684085753
-21.2198103,-159.7501489,9.199623507659762,109.77514174833046,10425.080370717507
9.5227018368362,61.307597200904,-5.845580842397868,27.028709512769492,4164.793645668229
-54.713008333333,-68.067952777778,-17.292643984738902,102.63716164559345,11959.971854657711
-19.0467370835,72.5752975,16.84234456273111,2.153942265466198,8668.6276979102
-19.693923,135.805071333,1.3182183789101245,74.80940928068941,7043.478867917754
37.05678259026,-121.02413686004,-5.273377646318393,63.51815428809271,16450.857707822342
15.12266904,104.30449055,8.106884702869577,80.57321182118251,2697.4460842330327
25.04656,56.355497,26.329398661099678,71.28759319301722,1502.2102294498254
7.0559184,171.2210411,-6.744253876337775,45.06002817417612,14075.187683304055
0.0,0.0,13.64470412360787,-18.830492821892026,2569.5135208327083
-43.7422528,-176.4825608,-14.571534608459995,0.7233600957582264,13524.667791437092
-10.327223999972,150.5163655,-4.7711941185725735,86.31041481092083,7094.164101283235
21.3782391,39.8059065,0.7922996227200976,-46.217802260495255,9563.719461693587
-20.932073427778,55.542114486111,-14.449130020619176,64.94043485417478,1228.5517127854032
26.51222608711,-78.64256699162,-2.5928273905315016,4.097396732583802,9415.630393772582
16.101851500153,168.1416141,-2.586030533242441,74.85135013868266,10438.553813950008
24.0391514,90.2541644,23.11556041070639,73.71546261761468,1687.6562585456993
-34.434532623014,172.68483989817,9.823853884948296,-22.740429867827174,16860.310338161296
5.851721,10.159149,5.449778502649396,10.26938801184146,46.32874100183546
3.6839524860939,98.664320333387,4.204451099504788,-65.2184840397471,18021.08396362499
26.3362809,127.7900717,5.201305142244149,42.58686774852134,9274.201569945331
27.0595794,142.2048687,5.567708889862828,55.84840750927736,9366.415954161128
-5.384009,104.969677,-18.09073058360423,89.47562349813933,2197.2336890304664
2.0430406261333,-157.46662308782,11.724891878790425,-0.10057426972156312,17082.309473219837
-9.8044147319706,-66.852764946974,-4.6703331947047575,-54.82842004257702,1443.568474704868
5.1716454886,-52.6555538457,-3.849233602734518,-27.208035165032463,2999.2175000008997
-17.379032503611,178.15388054583,28.804383504126708,-56.54990336105615,14326.082115464502
5.167327635,-52.6511008758,-2.7610951132812853,109.83566618891147,18054.20494875503
25.024250899998,90.861073700002,-17.998034456284216,13.296276793010751,9657.773318233485
5.154588148,-52.64459359,-5.979747999300412,-29.097098615382535,2892.516701528017
-9.7592353,-66.7402699,-3.4376949549659077,25.68492340871593,10208.02937568463
13.481505910934,144.86212046536,-12.588770243252268,45.84383522534338,11287.647081252153
13.35438962,62.768691419999,12.180333012584612,16.363356339126373,5026.889001150425
-77.8461786,166.6708044,-62.992462592364575,121.79428643014083,2241.8250695179795
-4.6086811,-56.3244187,11.410508360514587,6.357722141264137,7157.990611806205
3.9982087165155,10.016656760136,7.210682058286457,91.77386231350889,9044.149047113231
-11.7864362482,25.030496744,-7.877855925989026,36.06281474530144,1284.1895643056214
40.273692972635,-11.796231321058,5.472788888831403,71.36519049227448,9034.822648635272
-10.03699740394,-29.972631453227,-8.786082502191075,-21.495843266421574,940.1914013933332
-32.696121814371,134.81035936261,-16.57532685627332,12.070151298988627,11829.673566469648
-25.395733333333,-49.285722222222,-9.29163933019166,-17.51626221340043,3801.6621829711894
43.023760669069,-114.39542761644,11.619552408167914,-58.356469176969874,6392.558517084021
38.041619396467,-12.625897604052,38.03234554549684,-39.88702585138215,2378.8293679574062
42.426838888889,-82.15925,19.28432519055604,-90.09991868910795,2679.5554580584712
32.741497583489,-16.774775393808,-17.517748164780276,96.21760884586433,13168.984670701388
5.3648041992941,162.98034452768,4.245438745297048,-10.474876306805161,18722.705607285272
26.7456774,128.1801308,-33.877965741693686,118.07025898782523,6824.897114964566
-24.3368839,-128.3147495,7.54367449093794,32.87799911175936,17278.033197328634
26.232915555145,127.70311542231,-10.615423258702318,83.26402330013073,6312.022843598826
-12.5640975,-41.5403628,-2.2758675970699533,29.7387961351542,7921.135124729864
-19.2434734,146.8086391,-0.3711052235860765,-36.40786119389882,17805.99127433164
-23.8182626478,29.3869589735,-8.868976366601736,-33.37312429313084,6846.963390191705
-22.661761829691,114.2584781012,-14.586696575352795,95.63589122612221,2155.1789313631407
-52.592026502798,-70.439534260881,-6.03239477033908,-22.194857745263654,6775.727076601488
-44.69396927,169.13647637,6.10819402675507,68.73635423502638,11306.24416347446
4.9666716,-1.7272677,0.45538594352485434,27.72412190920504,3308.4921224904137
-52.253354283179,-68.934351626277,-21.907085570165624,-9.541307173661423,6032.720076199981
-6.171915,106.771241,10.295025239045945,5.269340163674527,11383.307320298216
-67.568503333333,-68.124265,-26.396976172099233,26.644386711144065,7506.683757862282
-43.743987,-176.359116,-8.704739887937897,141.9328786802976,5601.419929222204
-26.553943799998,-65.958901799997,12.970535046358306,31.154866484291986,11344.335528523436
-77.8463268,166.6720834,-59.693191243896806,104.47865828744088,2966.430304509235
-23.261778014641,113.87239698895,1.0170989556756784,28.321960104623496,9597.903461979944
43.938013116899,-59.877024822532,43.93774623170555,-59.87687238079609,0.032088480909962136
-35.861310799972,-72.646963799972,9.727886318977857,93.84508085099044,16804.321231565693
-21.2062368,-159.7921124,-11.237013461953772,-68.65770682445998,9673.642708443704
15.1498291,4.5588512930303,15.1498291,10.702031224168056,659.3285243547163
10.4911944,-73.2792861,3.6411182617896936,9.394809091149694,9133.944275337242
-27.115144,-109.395431,-20.4268559066172,29.716021358763143,13135.724190507985
32.0233873,118.7083827,-9.320597373274639,-15.71089304569036,14697.6186956868
-54.57393,158.917819,-11.704243013525634,3.5639217022189023,12289.63336068681
-32.0052723,115.8949077,7.183211044202992,86.9581225509575,5329.614503122802
40.151936429769,-75.0258148677,20.998162871942622,-6.46315522860903,6731.3904384990765
-1.0169444444444,-1.0169444444444,-11.070288460414373,56.48529022005248,6444.233482549517
9.90189045,-84.05305571,5.51841105611087,122.66328735077143,16594.792809051265
18.086228506739,-76.728593872268,-9.648565162649499,78.5780845409128,17192.89694276658
14.8109518,5.832023,0.06962060598374091,64.92098178565334,6694.1199526938135
24.981348691506,56.219571931273,-7.26905955399294,-35.715734127259054,10542.07083851254
26.5346711,78.7555749,-5.112079084937702,34.92570545434159,5883.581364135135
25.142386785366,55.431492196951,18.54346879292222,45.05119574266458,1297.6630175676587
-22.721768856049,-22.721768856049,-23.777522830942935,44.96852529364538,6845.701633076322
-18.8168948235,169.0273854858,0.8020982385063288,63.00605213685272,11721.121467923767
-35.030058457333,117.91998851183,-20.070095903055375,62.08865012801109,5674.011516984295
-14.903763961061,13.477588668478,15.248501368449205,-10.835011600012104,4287.152170670247
33.961727292207,134.66033464527,-7.212659988620105,23.153953904492163,12434.547966527645
19.685063587573,-79.884443516787,9.901556771803861,17.972017673347725,10446.616741824097
27.0375418,142.1762509,-3.252995643077846,71.45012752788436,8280.703740805408
0.0,-180.0,-28.06564972250826,-86.74889934117668,10326.501562206815
-17.764461111111,-149.40061666667,3.6869042348593477,84.47323326986277,13948.771063713502
35.2459844,-91.7352183,3.71797368283408,59.29777606788131,14733.31534330643
12.176596303473,21.389245362955,-1.99066869347807,67.10592699465046,5288.929672648195
4.7443474,45.2106537,-5.794765969779252,72.73890664085329,3273.4891065971683
-2.222191,-80.920459,26.871661053830856,48.89264994796207,14014.17932169901
-9.7805158,-66.842458100001,-11.902313335207541,44.29514133702655,12033.686530922952
-26.293409075,-48.848062991667,-13.208926585070971,-11.254569002500235,4175.55081913676
-45.4093358,-72.680896,-26.56373292657456,35.9410898409515,9254.315601840306
-43.742728400528,-176.34191538226,11.044253139126615,25.68214747982451,15808.039476702195
42.429883333333,-82.153908333333,33.77017442300177,-104.40547817601126,2163.2123629899324
40.1451746,-75.008066,8.140236478414167,42.30865585341431,11656.687123499747
3.2112928786364,24.086302449034,11.809694720019332,79.82695050469827,6208.218588862374
-14.581368910822,132.16767344536,-18.536929633514386,52.70649034467649,8411.769187875643
9.297722,36.5124797,3.750015226638348,30.08482015218871,940.4018211884674
21.463426648883,39.235056667419,11.515204142628088,79.32134938831109,4401.130692575457
21.972451918883,39.123579620299,3.9438283040111557,28.779692860596914,2294.117381795256
-8.7232394599881,125.43155827,-2.3517339783904925,-47.33059174857419,18545.31345999528
31.233654627398,29.958071127451,-14.887480492188065,73.84207765259106,6945.209943012407
0.0,-103.29921299991,-7.1961366989277895,33.09884427619571,15114.304040352168
-9.3913030594522,147.40866991383,7.120907842224604,60.65027873848433,9783.681214072176
25.5154775,45.971057,25.605821747728804,45.80265636691284,19.65399400395253
-37.183538639396,150.01135792412,-31.43189736174257,107.5019897745564,3923.4694924128853
-21.320536344998,55.800018723335,15.246041611141866,33.680806150073586,4728.234596025337
-23.2773298,-55.5354475,-0.41418513805188023,-69.94598171397251,2980.7468371928258
36.97636515285,-121.88510221286,3.747670154369129,-39.17734426708959,9109.444248989737
6.8437516234951,158.31861909417,-1.3073671095554018,152.6495325866237,1103.2967233012394
-44.6964794,169.1347348,-22.01344537141447,29.283872534636064,11552.317910418404
7.5052381,134.6146931,-0.12345522342267055,37.92416147261771,10746.897762868024
2.0165954729413,-157.4856113487,-13.436227008408036,-46.6986957779553,12307.015515678633
0.0,-103.2216722,-13.032652479957227,5.634910981058378,12048.335836048349
26.6998528,78.3684028,17.919195354647407,14.51546720174286,6576.863670000354
0.0,0.0,18.49455091855679,19.592453571755495,2967.850908458851
15.1498291,14.850119558485,15.1498291,13.710891276542705,122.27371911088213
-0.2878427,36.1085464,-3.2763517677019807,56.173039029326304,2254.352134377852
35.174101052176,-97.493888654942,6.0507889988639665,36.808170567161085,13395.05315784368
18.083948813103,-15.901569908276,10.825862225668896,-44.84468700559082,3214.772774809259
-29.559391976736,149.60062439831,-32.66530269455192,77.02580822094521,6777.5103008609185
5.1045711,-1.2507924,21.013210354247846,48.49791190888001,5643.320394913503
15.1227026,104.3043587,1.5375332495436722,78.3407662443191,3224.589607226086
-9.441242860184,160.09799384812,5.253080992106848,5.79094184292247,17144.649183206486
14.891352449107,-24.354230247679,-15.545029079886142,83.64255229629035,12330.140568700239
26.5137255,78.6953717,26.55948069467846,30.85515791160608,4730.005474844303
-13.331731644456,24.844191337131,-2.705398501652743,-41.163640376420595,7343.324949949117
-3.6491818342425,-10.92018423547,-4.238214410093517,-12.682865444893,206.21424614070898
-32.484928672631,134.63234618058,-32.77177275917835,132.7760373595376,176.73664286267666
-17.809426099972,178.72236399997,2.2992733325245296,70.79238248736092,11983.073556672802
-2.2273618999722,-80.920426699972,2.253351592569899,28.47894398689004,12171.549320354445
0.0,-103.1916011,-2.7309252858495996,117.04546945500623,15532.38460163848
15.103440719115,24.098181206814,14.46945452768085,27.47849599923968,370.1949058612663
15.058108156193,-3.1772574024169,1.1873268128443522,5.3140147532512865,1802.220612012877
13.3536112,63.057408586667,3.1710171288630633,18.954733158100115,4974.1664868307225
16.204667448887,-0.2603807902834,17.826569061601525,5.512050512860833,639.6687112823728
-44.6904763,169.1334412,-45.288331342192,122.98765865891961,3579.079104555781
24.841469163869,69.12961675518,-4.603324670782523,76.41880470004696,3367.6397831850823
37.748009180642,-25.634664801393,5.170375679488839,3.0286358882476243,4641.424044180063
3.6859705925037,98.650886277961,-4.813567543398013,-29.24902207754837,14237.676063969426
19.994525560207,41.512433616342,4.706960696705056,-26.676721844125083,7551.471115162883
-6.5444697850104,-19.557705153378,-4.682649950759581,-13.989768969347622,649.9781874816418
-35.3803189,-62.2465263,-19.21690100324227,-31.304751547264534,3523.7056120284606
10.497041899998,37.024062899999,1.6110186718268376,5.296014445078746,3640.791697622138
-12.681753304667,-55.796655157667,0.0837704997031912,-1.928729727556447,6105.092259567115
16.240813383333,-52.95677517,7.206191051244666,-20.321047364246414,3686.5102544510905
-5.7911758422852,-35.331783294678,-4.535659152597326,22.223201338769442,6372.836610397606
40.153156116667,-74.946459716667,1.9777906050543272,78.66729364743361,14617.13798578538
-3.0132247508333,-60.076720395833,-4.112566292878211,34.65776173704695,10507.811820868877
-25.214948534895,45.829867257375,-13.796975568360832,0.8770006646857968,4855.405506365198
14.877201700002,-24.718425,3.067903865274977,44.40847816309043,7677.669008389039
-23.0355615,-50.1952967,-16.638015753510242,20.389386759166943,7350.00134338413
2.0361506851733,45.301717706827,9.711695817040342,54.38304013203497,1317.520761665008
-3.6650211,152.4377592,0.6964261558777189,93.90648117243016,6522.437607171364
-27.099543671785,-109.37790542822,-15.310894630920233,28.970177956186344,13501.007903993455
-12.8393213,45.1318835,-11.328686069653104,172.13066672604154,13578.923619500172
7.0736910658083,125.5733867103,-3.8217391077068283,86.99697971280307,4449.2913683869465
31.953473977,35.83371569775,-13.696647020828344,-22.358796232631956,8004.971751414474
5.0028638821,115.052782204,4.780822379971107,52.4515413432307,6932.778281436078
-3.7056786003367,-11.085198804887,11.846986210475212,46.86441898764306,6634.801425493333
13.44809,144.81498155827,4.909057686445578,24.87539585677566,13079.571665324378
18.066656731996,-15.916271306419,11.310341917724235,-41.94951024944779,2895.763382010551
-18.638096042443,-174.03954465303,-2.8517446490260676,36.832969317573664,15877.168497606133
26.5462637,78.6995246,15.441312783122891,25.646416076712345,5605.337420830688
-26.309042548333,-48.840958915833,-5.421833719292261,15.553283122280911,7192.923106062547
-12.418589540625,130.83233970937,3.8438517063979276,53.644693004861956,8713.854677070834
5.032298,9.960571,37.24526415938008,-73.66429944093778,9105.32836349287
-0.54144053830303,166.91309048485,-2.8980216622244224,117.82426471948676,5461.706797998803
-0.52295918499171,166.94011744701,0.6512086366099751,166.1576118216574,156.89769366521637
-23.371590451043,-59.060065156565,-15.54249799804942,-8.896922915291228,5305.530028063045
-21.366549490003,55.749463883335,-8.74679732238768,-69.3505686836917,13152.662846807336
-34.9328888784,-57.981391168,-690419310097029.8,72.05141740886098,7697.36123501379
-35.113159,150.0895307,1.6835944092294972,-17.60477547253535,16085.936145089712
21.4024046,39.8108485,12.305877902940015,-38.40066168366832,8307.962640588568
-23.399413888889,-57.441466666667,-15.80115453752675,-27.76123345977595,3214.8883793373043
26.2123971,127.6754825,18.19218012095844,60.054480649358645,6944.965522193315
-13.682447,50.021800599998,-6.288477224920582,-55.54306248997399,11507.305296765508
36.997064722222,-120.58143138889,8.463155436992176,53.69879769023991,14925.080177737087
9.945246,-84.061387,-10.76963138649581,-23.757334742019886,7054.551245300034
15.1498291,87.582777260344,15.1498291,23.95594129299189,6802.058127600182
25.6512483,94.021443,-13.369485171484284,71.84819313352502,4958.984396006425
3.852976,10.085215,1.068269836023209,41.804285946246836,3536.891954251436
30.5007658994,-81.7899612692,-4.292314032705285,100.36568155361347,17092.08081711491
34.217169300003,134.7307093,-14.65360240913497,8.707669384336812,14209.467842073318
-35.3937965,-62.4988093,-22.937873443637603,-14.257261899790203,4833.857302436558
-13.954517560778,136.4783753,0.04726867227394553,20.60714015697326,12794.819789057308
9.0546467629532,38.773161398756,14.54859623798015,-29.199285219226294,7399.41779506998
-22.721768856049,-22.721768856049,4.083695267044936,48.61229290281249,8285.895639702585
-34.9286959841,-57.9602793811,4.433151244559466,114.81920378019929,16543.617605340758
9.0254646085886,38.825794992673,5.1778290697729386,29.03337687454639,1161.9174270563774
15.1498291,24.599742125758,15.1498291,22.610108737919468,213.54746595583856
-33.728012,0.116645,-6.0540025282642,65.03958660796987,7322.4307440822495
-5.8475622254095,-17.494182301663,-0.6118305796394138,19.39839794767967,4135.2554393384935
-12.4524466,-40.5990215,-11.609030256269017,-48.066362841146145,817.4572112399502
-35.4651177,-62.3617633,-31.32278320210178,-64.94077411621444,519.060611576213
10.149491521693,-73.113014434039,-10.144965784694751,-25.983358312946116,5680.236214389663
-36.796411921073,-59.845653949073,2.8393373419151926,22.052473987596603,9477.845829654292
-3.0384344229229,-60.01619963964,6.335627183496219,-16.30976697921346,4963.020435914823
-4.9250045642153,-14.724589888937,-4.719609952196607,-14.111857215054398,71.6301265075389
-26.2772174,-48.848414225,11.24796236856833,115.05916349416182,17640.367400056923
-43.7312508,-176.5455925,7.908883394303496,54.01915327665821,13715.848656326107
-17.431296261261,127.99172458568,-12.070383643193313,117.81290039385642,1245.824610511368
26.1215345,91.7871537,8.612127778983043,16.891766945044438,8084.651326361072
-23.0687021,-68.1090352,7.7503596515074475,61.275928260270476,14360.365927527368
42.7963517,-117.8737431,-12.154770477257093,3.3476536537019537,13453.34315546437
26.6859028,78.4237444,18.856581197276228,18.091375114359415,6192.533438331765
2.992195,9.930494,6.433671602406204,77.26966514437757,7467.733761782563
-22.721768856049,-22.721768856049,5.0654545224348,-49.19974538115411,4222.3165754235415
34.04056366,-109.45793209,11.115138173135849,78.38504054323207,14926.017967496724
-15.002058342304,38.95952642433,-9.295167541378284,7.850607888498742,3437.2747156104792
9.0632042645355,38.748428876823,12.865258110048897,11.180097585715501,3037.3767926937257
17.923612,-15.4242923,13.370794907489739,-22.04903590391332,871.2533574574123
-8.55418,125.56494,-34.88423130925927,142.59003094444967,3403.0268217012986
10.3579193,50.1804859,7.295477814752354,7.752178958563896,4671.117058541682
-32.404673685367,134.52012989667,-15.159750543715923,59.38017206016128,7735.361109971515
5.519448,10.352924,-4.776522543156592,43.274408719512245,3830.7415713578725
-20.730938818056,14.843537304444,-11.404262373362233,19.258135128764216,1139.0417415713123
-4.4837398,26.6421438,9.964349671749297,28.171702836743503,1615.463776684732
-8.5169750999722,126.0038555,5.496843579161326,18.572324223868296,12009.519583932475
16.768646666667,-3.004655,-5.991340237028869,22.782093889260814,3800.285864027118
-26.278175553376,-48.891938913202,11.817303846007519,36.73205851509827,10158.55869353103
36.953826388889,-120.56256472222,-7.531812936800658,31.11330211760248,15668.694424915891
4.9035022,45.2333718,-20.381841663055102,-42.627897766407536,9975.147161041044
-35.3755078,139.5613315,5.050662338648232,64.07561009373367,9031.581726815764
-32.722851068333,134.839948683,-30.547645759074964,155.6941414312732,1985.8098251294348
-4.3939996,-56.2814659,19.09487021686367,-15.122429052050535,5206.027750505447
15.0697594,5.7559597999975,21.67179859945589,-21.90982599915253,3005.5107083235102
-13.297592961839,-50.334977865562,-7.469838182733764,-20.305751129612585,3344.9600595052784
15.133491366667,104.30453826667,-17.46343513692214,-13.869380146122186,13440.296116392057
-1.0169444444444,-1.0169444444444,-2.8156339031447177,-12.300400714761462,1269.7582212292468
-5.182333,-80.623762,5.130008740279611,79.72668144191952,17839.07670186196
20.791843055556,-156.02405361111,-14.581556662923079,51.487400795002344,17024.252386717195
-33.705025702045,121.64974804956,-10.682195005886353,55.1521693409473,7183.688267686787
-54.790014,-68.3909095,8.37128507185674,24.40512056023611,10946.051515206998
26.505281933385,-78.654590731534,-9.969104239595685,-59.32109460453952,4561.808758722936
8.15731685875,57.69412569375,7.380859971957698,-16.197882880918502,8129.070557333678
-19.527909126819,135.57135050992,-13.193461294692755,124.32211930959035,1390.8273149823347
-35.123715475833,150.07969206267,14.565336044462322,40.53490114133756,12695.665871545363
-6.170222,106.776676,2.054941125985147,-5.0011261829292755,12439.196483934678
-11.506830216753,-55.373447407168,-2.5565902727441583,-63.07220210955309,1307.9653159632194
-3.10509566,-60.04491339,16.86882332733123,34.234819081553866,10562.704545122813
-24.3365736,-128.3137468,-8.37367895285214,58.77301594038449,16297.471493784127
9.0188384129168,38.752290998155,0.5359482670546273,109.3163969305385,7864.345611524579
-20.11237,13.100541666667,-13.013959472935458,-11.76778942276522,2761.8066081940783
-2.253361,40.106968,1.261453003693176,57.74362383860619,1999.2969452923385
7.6211500553571,134.63434250685,-14.354003950276478,-37.826753973491684,18902.978135067577
15.102482766667,17.388853616667,15.746313133874953,21.315985926481165,426.98492914303864
1.3855242999722,173.1423037,-0.652303253407133,16.94254590736184,17367.807538118555
-33.816979316017,121.83648421212,-1.6131605126576563,27.453623275401434,10312.189244919273
-0.50492783991755,166.93296437107,-3.9025972562246847,132.69067462920944,3822.8172341859877
-36.5734436443,150.0267862879,-10.603902444413931,12.708717472712058,13129.487679307773
42.540702777778,-82.166966666667,18.3614787795493,-36.885488426454074,5022.567454745979
-22.721768856049,-22.721768856049,15.919521524109566,12.25459348180099,5739.9525489165
15.5696658,80.0749939,-0.9698330093807,-3.076780219294052,9303.359669669495
38.06892408685,-50.370604750083,38.05986409065136,-52.897421952089466,221.2077189927731
15.102135618761,14.95749178354,15.705477552119092,20.32772967819951,579.5703767415974
-34.657294018605,172.96785402184,3.299393080727276,-28.280365156810717,15895.284733483217
-19.329056300866,146.84339646537,-22.815728546289844,84.66409504468332,6416.418307766463
-34.9328510784,-57.9800964024,-16.407191580127225,86.20313440986762,13168.024441461124
-23.407752777778,-57.450469444444,-16.5085278746186,5.480524507538264,6573.522610292677
-35.1153889,150.0869471,-2.815738144731538,8.416128676361648,14208.662715194094
5.2556317811881,-1.0217915475378,-5.17495766513858,-25.939614213202915,3000.1487626311787
-33.478757316,-70.6573024572,-0.2261452763957983,8.682989859403467,9006.608882909837
17.1343257744,-61.8409146555,12.252372673420997,49.091800709217,11756.713553024572
-33.4520228,22.2577678,-20.14343943546493,7.282402963035971,2092.6089906169054
2.54634202,9.82600158,-2.598188854341922,-33.35842107565887,4834.22428918072
-19.740972089199,135.87230370156,-25.463406666544046,115.24611279124267,2207.9970188971133
5.128034,-1.2506916,11.316132923371924,-43.54479824556431,4700.472036382912
7.818233,52.217285,1.576974821481198,65.35164660028275,1611.8646563003726
-20.641895700001,-70.1807164,4.149403653920826,-30.172972897775406,5161.394451771893
-6.6414250407109,-19.866700020367,-9.126145398036895,-24.018674560152316,534.2618479630237
20.4956304,39.7997792,15.764612233031182,57.28873690110148,1920.2045013364104
-5.2082,-80.621253,13.067775535416471,-4.3919895670073545,8657.050274680958
-12.375212916849,130.88511664506,-4.71470680049963,68.48595644373384,6900.1699325803365
-35.300490399249,-32.584973069108,-35.41773768602796,-32.59805654560686,13.09117919260951
-35.003681739967,117.86614883217,-11.80962593744688,77.58182529744032,4803.040346170168
-8.82246,-40.2885617,2.925856041712067,107.88098138044062,16435.820947283824
-17.498312,-149.913269,-6.701301251153113,-31.629856192875728,12725.094440921177
43.938252927735,-59.877236150531,43.937778454911324,-59.876911393299046,0.058819119864282614
-22.721768856049,-22.721768856049,-7.76365196294442,-18.64390162048622,1719.451382552689
12.492853865722,-69.925113887312,1.1153299345975671,-7.296995024356708,7012.3339473276355
22.139129444444,-159.300425,-11.161818079938728,62.04219565370849,15461.02925906328
-12.8324745,45.1455449,-10.250167272192444,-81.31948093825316,13571.776630320805
-25.433256402611,31.953621357678,18.853458534371452,38.15939114129854,4969.986625136505
-32.026694444444,115.91055555556,9.411116274697912,97.1254970647827,5021.622966771962
35.2398986,-91.6954422,25.78239290465286,-93.36465535977287,1063.6586275309155
24.0254894,90.2776186,9.972588101420198,17.36543859260426,7832.304597832411
15.0869585,5.709749,1.780119718975812,13.659835372292061,1717.6554791071321
-25.489088399972,-49.294364,-1.761378192382803,67.62621917517838,12596.451484327546
-17.32230999,178.20360305,7.518435255840215,141.2423780859632,4911.390591772392
10.745999297297,-74.767559202703,-0.014473424391244992,-14.480907508320518,6767.495111511187
4.788516,10.825601,6.201279692785145,6.940676512182656,457.78449459482005
10.281594,50.2249472,2.8267857679527406,-1.3891629984647933,5754.753755503277
16.223572,-61.614367400002,4.06724283866747,101.33065021001319,17081.175458958067
14.6994175,-17.468104700002,10.573862650387714,29.120709631059047,5067.376253958288
38.94821983,-36.02494629,4.727864153627961,-0.7343911168548468,5204.782096179339
39.436515164556,-31.257971338917,33.258363448855704,-34.957788097992,762.5257478208094
27.945975,179.8463067,-6.513132906519186,137.91842563790632,5909.150490025742
-12.835989,45.150642699999,8.329565191067953,73.05441497913783,3878.193873044948
6.5794989885824,81.71499682598,14.581517417744182,32.201376721249055,5473.799713852884
-17.508672222222,-149.43590277778,3.267176431855156,-17.13917211073766,14582.054538755627
26.5324732,78.6723076,26.53796910022181,78.69933589037656,2.757391718762034
22.489007972202,114.06003990221,3.2363704765058743,-65.83892591820445,17154.534175349472
33.961706611378,-109.83161214631,7.548770682385758,-27.667088902089212,8818.959584348693
-0.54164259726368,166.94750134861,-16.63953950568251,27.53807980877331,15173.163944894888
-2.23456,-80.921378,6.559614886715256,-3.4195614544252506,8657.160151354332
35.162314215886,-93.878166503375,4.8603825880660345,87.0754541818736,15563.648346871723
5.1060783,-1.2417426,3.284390376638213,-84.79623630060107,9262.169849125763
-29.473093681577,149.91669559642,-32.03104854895157,122.91750971339582,2588.9179762420304
38.089963821313,-31.466093124865,38.085662677727115,-43.42876686512054,1046.2212548705295
-3.5044744,152.2959169,-10.590143003265975,-2.8088364678822058,16844.833282223986
-35.003638888889,117.86605555556,-5.899732874913205,14.699380281901854,10816.48498492112
-18.614455970495,-174.00302211366,-7.647381696231378,0.3399022277013833,17029.712553563513
21.803641699999,-98.1078202,5.617267574565902,93.45999849346012,16715.78189757146
31.955172992999,35.905297673013,-6.375867242901017,-6.891927257143234,6221.131370753798
9.5289458710657,37.111505502061,-12.218836825823956,124.26378914237256,9925.680252845543
-8.0937781790669,-24.169761200708,-8.032172518163526,-21.084286735168195,339.76573801224686
-9.4380805555556,160.10615027778,-10.94562288777463,-3.9796823103247636,17145.415760206535
-20.925392711111,55.550320675,2.5537175800961602,75.76200262716223,3415.0054946208616
7.905012,52.169003,9.417405125801698,56.33906099360692,488.260172615141
-36.70785512247,-59.758814696964,-13.371413787867512,54.26258098630631,11155.886854227254
-45.4658253,167.8414964,20.03176349542519,-30.02533200160534,16747.107794796306
-34.839074899998,173.1299521,15.68535081060723,81.70000646824168,11122.83821712929
-35.318748086885,139.80241044344,-12.22923477436359,82.27156588535746,6293.038280000066
13.370503461364,61.795863217208,13.370211431443643,57.092354378561716,508.82292740057426
25.6871202,89.5873205,-15.27994060006383,86.7745607525461,4565.497299368927
-4.7465500962417,-14.204061043894,-4.6478305274872405,-13.908642528891491,34.529988845047136
-7.1607602726399,-21.428590022425,-6.636794244767373,-19.85201401251738,183.53061048550865
5.3666137911333,163.00827621837,-26.830119659525,-14.305617466731606,17611.51482794297
-3.6749316477006,-10.988219622534,-3.9982166354952917,-11.954857042519933,113.10853623689312
15.1323222,26.647078081111,14.005001732681778,18.89036323458689,844.0782462719652
-22.993502333333,-54.39653356,-11.100607644700643,-31.265967799192026,2785.7431801334633
-35.323032515827,-72.412274856835,-3.564734720476332,32.65212414990041,11132.754650660234
9.6125857000011,138.1729952,18.92037394032297,74.22765433137498,6934.877137661581
25.3382871,93.3639343,-9.148178300044716,39.674141540766485,6959.7885606889495
-21.2081257,-159.7897604,-11.410318491376891,50.572810383178556,15100.534315036415
17.9971477,-15.6410917,11.63407604224337,-20.944429905576378,908.4094941251205
-9.7531684538333,-66.697150569133,-18.146708445732685,-38.12013041346014,3217.068757437368
-14.894530130876,50.278079864542,-37.710639195758134,92.4648843315066,4852.36439770219
-28.45913634072,-39.948539885379,-29.207256127614453,-38.95480324215592,127.63216375336904
-35.549632099972,-72.5669876,-8.955325988109282,80.59733448936393,14322.168449441248
-7.3028233933333,112.79983191333,-4.480456771085797,59.29641882200606,5923.095877347119
7.111296011396,125.58317420157,-2.131994292515205,106.93868196428393,2310.1673331676348
-34.872496812999,173.36811823378,-34.345799868972485,4.0453622689948645,12238.632633549121
-32.227438599972,18.851020999972,-5.6681533265236075,-56.54307307654322,8299.167554785083
-27.139872,-109.411332,11.684523624816615,106.87784177186364,15860.55790749633
25.6569856,94.0873424,1.555278904910897,72.78907125031267,3519.179307337155
-26.203458,-49.1437544,3.2885297250071677,67.25471205816666,12794.26403101877
22.1981079376,-159.458832348,11.1810160201549,-22.809677910517596,14006.179606921913
-5.202375,-80.627382,13.592157726562695,78.38421334550016,17533.181090131227
42.4205290635,-82.982580119361,4.917160577438331,6.765001252740957,9618.281768914067
7.21549445,56.147897466,6.827582891975482,63.266717164969464,786.814094548584
-32.763568194168,134.56729037873,-39.77042724358893,87.29034549937458,4259.491533509691
4.4393411887526,72.962231800613,14.319060203023938,48.62385085164072,2883.4608403890206
16.2542785,-61.574146899998,1.546456727085597,50.36529189711889,12292.483555626417
31.047614,28.3368275,30.937158104901304,28.996086049232222,64.02960450349792
-22.721768856049,-22.721768856049,-6.8173178091017,90.82234634092664,12082.756429446645
-12.469319099972,-41.020206899972,-3.5992462160131184,93.46410142250369,14679.02049503858
-56.93615297933,-28.014403465622,-58.21904620651305,-16.070882892247344,725.1721812036625
-27.111416997451,-109.37207851647,4.441444975326129,-53.19711565117895,6971.453088314586
26.7456083,78.4336222,28.23696453072991,48.05640031481139,2993.177850696667
-22.409894876111,29.85191253,9.01240077374069,-11.236984468331748,5678.063962148017
-25.4847222,-124.2436111,-40.25894446,-63.343277780000015,5802.96458764191
38.06805925288,-50.6117926804,38.05899567733371,-53.13963857746661,221.30039086450765
-21.204836,-159.7856135,-12.093148752374852,34.350439131693214,16003.460078188791
-44.7186859572,169.2212083236,9.75188022737431,15.589929560325324,15378.091602025848
-23.7359981239,29.4325683452,10.86424180737773,-0.7625123870210827,5057.169204798023
-23.8829856,-67.7713461,13.021519509910638,-1.0168756614593457,8329.360198513936
27.097182377518,142.19487218418,-17.959189266820438,91.38516362628579,7422.704387887542
37.801100754883,-25.747797365586,1.9079188392371271,119.44742624348235,14333.508715381473
13.145446200002,37.985927400003,-17.390956338525708,51.761014326228626,3717.0274510779254
13.023009340339,38.106231399998,-6.206126496281039,43.79869409328068,2228.736384937095
37.829286010708,-25.752699691652,-1.8757721078966305,-64.62297971385364,5951.159377249084
-30.37928487102,-37.397983158479,-32.801944010772864,-34.476925041386565,386.1211160025919
3.9766164749053,-59.115243915803,-30.221140395187035,-10.52449910300933,6409.14239854161
32.4291968,117.4967279,-6.617338076149939,102.30335216896421,4630.211286430535
42.427185833333,-82.962631388889,0.5864142977420483,41.42992609836562,12699.111990481357
-16.269752038076,128.29468389997,-13.411513124596029,-32.511438968252136,16098.168661868294
38.06027574715,-52.78248405325,38.06212166723865,-52.267787281831886,45.061919839024284
33.8648075,10.9675091,36.19648346324478,-38.9390276580257,4501.067084741079
34.03979958,-109.58995942,1.543899073517772,72.55152224064963,16052.03038072085
14.6913969,-17.4739637,10.620577912108942,-29.96446408803445,1428.3015921273568
15.125810955535,104.30465057229,3.5695821839150685,49.81734360454022,6097.498474267184
4.7887883333333,52.155773333333,-10.416197160061243,44.94757011974836,1869.6545148605335
6.832353,80.998300299972,0.7840939512471966,110.34816741354784,3323.4087977313334
25.4281438,93.3166783,9.119346174039759,14.103237611818418,8496.636461908816
-33.424931,1.6e-05,-23.006461420898475,49.43187427748642,4933.115628651191
-16.687792326289,128.25686338727,-16.79169377711431,128.5721046132168,35.500334891137314
3.696977464018,98.659694063568,-26.773704801526822,31.18592286178559,7984.1859851388635
14.87669518318,-24.718913531534,7.2376444130982724,43.10946698552961,7426.2280511755225
15.168438142857,120.543492,10.655615076299718,36.525528931122885,9066.097850909062
-14.932977777778,13.564625,7.422633741604035,-11.828004554606778,3743.567135797208
17.2253354,-88.4105073,-14.294604461133332,25.449506165246696,12963.591094723979
-52.385788,-68.417147,21.677134895573232,-72.19669555594194,8243.593061437941
0.22390150027548,0.057287927217629,8.21562169861744,56.515338815403055,6316.878603026458
-3.0628994583333,-59.950345354167,4.316535851800407,29.339587899771203,9954.547390032645
-9.7045202999987,-66.863162300001,6.696177630516094,-0.7239358808732242,7549.261343453252
7.3420381,134.4780097,10.222419703712138,-45.549234124826825,18062.005869525558
-30.042962166667,148.78353408974,-21.57060888952754,67.22860955012958,8051.050717866414
16.215564300001,-61.6424125,1.2147623937521737,105.88491158958067,17641.970170111705
-14.732835246264,13.878779076053,-6.669732366673702,-62.77681944289946,8389.542676783532
26.5178962,78.6786895,25.811688634267387,40.40826616717372,3805.8816326744554
-11.305238291449,24.811396574145,-14.038054213252545,-26.220269082220295,5534.4642801130985
38.352358,-107.8908292,5.683090483228832,-77.97421539684576,4720.66652897846
6.920662600002,158.3191843,-5.477896743934034,122.7764038072291,4178.088683755638
-19.685117857107,-42.984893333379,6.267621897436566,90.47779682103504,14776.619664714368
-8.073598,-79.046615,-15.641803371681009,-43.97196502776675,3902.924794758818
-54.866668,-67.382568999858,-5.32449569899405,-7.376163571169834,7645.3643567562685
-31.63500105274,-35.730000029142,-33.75549246162131,-34.322238437955114,270.08334202914074
16.1334975,168.1299944,1.169062566946924,-38.864748998626006,16481.696130576445
-12.299360130703,-55.571909993839,-11.959919906934964,39.112461157008845,10223.668106689513
37.771868324603,-25.311811127381,8.374200772435128,62.31345125793029,9230.848667865965
-44.6849824,169.1789408,-8.308803992559206,77.33390104088183,9503.910533990118
-20.8884787,15.5405202,-15.459615755341279,45.35282711765639,3201.9112650444767
-34.9281761048,-57.9615042863,-21.585991080628165,108.95433377342549,13580.962512686632
-21.2622366,-159.7824455,13.823419414200593,-23.771519537376122,15293.5092485223
12.060128711166,21.389909964054,5.515574996769214,65.24398903186261,4868.053107759111
25.153992,55.483995,-8.244426138787128,72.60655551166029,4150.885999330352
21.0219145,-97.5148432,5.542037311657285,115.58055581948346,15350.228481630766
15.12184504,104.30762916,-0.040425899675419714,-66.47964989387624,18056.240634916812
-34.930421354,-58.4885494784,15.754009189362517,-33.541189617464326,6220.948093771599
-37.3287817,-59.0870922,6.704264486444039,21.366434867598173,9623.888959932972
-0.49105159997222,-90.2822898,-6.563790877176194,106.25460271165646,18019.396715178686
-9.7863062000024,-66.8355745,-5.805298514539066,28.704149218471617,10501.47607455572
