filename,err_plonk_km,err_fractus_km
1701487833758793.jpg,,
1588197624708156.jpg,,
4661584977253832.jpg,,
1890992177721088.jpg,,
4413492788684007.jpg,,
2908676276117902.jpg,,
2930382787228435.jpg,,
1584972635356745.jpg,,
2774913709428594.jpg,,
3928308703927891.jpg,,
3895537853857533.jpg,,
1670873160374900.jpg,,
2999240530346137.jpg,,
4068056359925156.jpg,,
3976962239017941.jpg,,
2119292788444724.jpg,,
3756558561293155.jpg,,
3071078523124049.jpg,,
4110255142587970.jpg,,
1870107010079374.jpg,,
2632586490371703.jpg,,
1895109440924479.jpg,,
3879127155739412.jpg,,
3885021158281923.jpg,,
1922535254818573.jpg,,
2686879371608669.jpg,,
2908310329423472.jpg,,
2271059996423211.jpg,,
2964580410447353.jpg,,
1496354881805116.jpg,,
2483153491819841.jpg,,
8328729393816664.jpg,,
1693790374402023.jpg,,
1647560855429797.jpg,,
1765153313944003.jpg,,
3467266696922568.jpg,,
2979784672344243.jpg,,
2591166237857276.jpg,,
1849714578534503.jpg,,
1244377294102711.jpg,,
2856752717932813.jpg,,
187861266514311.jpg,,
1885615228273145.jpg,,
2950329775287160.jpg,,
3904541346487997.jpg,,
2922335074714579.jpg,,
5615639391810547.jpg,,
9622432471162461.jpg,,
1752245985710204.jpg,,
2579203999056140.jpg,,
2884676445088227.jpg,,
4232518923432974.jpg,,
1708453766209295.jpg,,
684826740790399.jpg,,
3716938228434058.jpg,,
24520333750885760.jpg,,
1503562153319644.jpg,,
5376611902408967.jpg,,
3772870419631482.jpg,,
1417805039290699.jpg,,
1693372788142878.jpg,,
4214131908639183.jpg,,
5455802974448627.jpg,,
5806264199402040.jpg,,
1471465849963212.jpg,,
1793977530784176.jpg,,
318936509608304.jpg,,
2088935044924786.jpg,,
2101433450224229.jpg,,
2197136917399307.jpg,,
27130565639876258.jpg,,
3770019206442110.jpg,,
1564893767257080.jpg,,
1546571199406329.jpg,,
1662410870624872.jpg,,
2938728713055809.jpg,,
2064009707398552.jpg,,
287279126210349.jpg,,
7250374715046361.jpg,,
1693699797504259.jpg,,
4177315038986374.jpg,,
1178777664259005.jpg,,
3327450834216539.jpg,,
1698549683949887.jpg,,
3260191680785456.jpg,,
3860172624036862.jpg,,
5823650254373979.jpg,,
1960308220787934.jpg,,
3957383584330785.jpg,,
1914211515771032.jpg,,
4352408994771446.jpg,,
1489302698440286.jpg,,
2111048879034263.jpg,,
1332646194892326.jpg,,
1990639511281375.jpg,,
1487469702663260.jpg,,
1488001265211111.jpg,,
2834929490084583.jpg,,
2166247573758337.jpg,,
1727908790747211.jpg,,
