filename,lat,lon
4194802960569767.jpg,43.268163770973,5.6482851119631
4093819984009222.jpg,43.298017528638,5.6226727654732
2801624900168011.jpg,43.278840267456,5.6315508770599
4217061174980647.jpg,43.278152003371,5.6324012807918
4297098280300769.jpg,43.266929261065,5.586602760511
2777919389092456.jpg,43.285646071246,5.6221480549045
5118601541487384.jpg,43.259563119716,5.5919252236418
2478758848935952.jpg,43.285396454681,5.6250732322356
2886372938269488.jpg,43.281273990773,5.6203522333824
2623692111087728.jpg,43.276938195343,5.6263199521773
4636119889737524.jpg,43.295408117093,5.6261772437942
2891151354481992.jpg,43.291612083505,5.625862113889
2301731269971694.jpg,43.291863543944,5.6491231060112
2638396679790940.jpg,43.282988979966,5.6217798251204
4015718558451405.jpg,43.27750608333,5.6195942557116
4117162741655420.jpg,43.267470707817,5.6498210223813
3783354821775019.jpg,43.280042043093,5.6299270430524
2972574519674180.jpg,43.278667359955,5.6204457021171
4404952196183657.jpg,43.284194735978,5.6256551816272
4111379182218933.jpg,43.281182619684,5.6210207846109
2861449574119070.jpg,43.296979561683,5.6240771932684
4038506689572852.jpg,43.291592885007,5.6467456855
4059328167460204.jpg,43.270857095379,5.6453255652861
1898493510327448.jpg,43.277344743402,5.6211412924389
2980789838856418.jpg,43.291751372466,5.6488261051557
2988699708120363.jpg,43.286583973019,5.6246948089656
2544111552379582.jpg,43.30034804814,5.6194527133826
4130149133736808.jpg,43.297342948499,5.6099222465881
4052935081453375.jpg,43.280098055996,5.6144657385222
4170269756369722.jpg,43.277731094192,5.6176261227286
2364574527005959.jpg,43.297279521989,5.6236869088956
4016331628447399.jpg,43.286493901147,5.536255133523
2720067054950506.jpg,43.291502585194,5.6474953033156
2672227439735259.jpg,43.277846944404,5.6327776340915
4279311502088670.jpg,43.283285429611,5.5848676941523
4218011968257424.jpg,43.302380638208,5.6166768051732
2160286287446574.jpg,43.279291855636,5.61133541723
2940654266209435.jpg,43.28603281821,5.5855694592614
4080019848730032.jpg,43.294384787211,5.5583419261561
1576384452753856.jpg,43.28307757973,5.6124671686482
2620240238274288.jpg,43.282195232774,5.6136064428799
2951151461875758.jpg,43.278072538199,5.6160068628758
2942933095987886.jpg,43.288418736951,5.6238311934067
4021619741298871.jpg,43.281562677902,5.6193496686777
4321505141216828.jpg,43.278783594093,5.6134234584032
5372642609475978.jpg,43.281604171005,5.6179461406019
2776337576010360.jpg,43.279676716481,5.6118749248665
2110439982430347.jpg,43.2900682434,5.559574055986
2681353392155167.jpg,43.280853824278,5.6179652801598
1540788629457418.jpg,43.259878640481,5.5908098674488
4693498427334240.jpg,43.296781702386,5.6192083790519
2881879928737905.jpg,43.281433063135,5.6191462608485
2857645137807788.jpg,43.337542688503,5.6078420139447
4519513421411443.jpg,43.286738817369,5.6043711434706
5355969864477979.jpg,43.305962900189,5.6117904268923
2966932880293097.jpg,43.309500329798,5.6090826493075
3100786400242325.jpg,43.333612291251,5.6049658019228
3752042138255078.jpg,43.250420307864,5.5961546934658
3019240998308673.jpg,43.3435848198,5.6119136079483
4067191030030826.jpg,43.282153486289,5.5496612968986
3028448854067989.jpg,43.339844667071,5.6089065696323
2369582823188524.jpg,43.297788625109,5.6057765674842
3964774176936646.jpg,43.337224964178,5.6075936307418
3975766595809880.jpg,43.342766484849,5.6110651328595
1923284467836766.jpg,43.289551561561,5.5868084245816
2790325207886667.jpg,43.273657261556,5.5889015185434
2986828221560534.jpg,43.286401374048,5.5856525036247
5876023619082374.jpg,43.270988025971,5.5885375636554
1666200270235683.jpg,43.276933361577,5.5871278725322
2566769166961062.jpg,43.271131784208,5.588818799298
4278023932257194.jpg,43.278543949225,5.6142501894505
1561823090680616.jpg,43.291850434287,5.5874683491481
2222601054537104.jpg,43.336165183781,5.6069837460238
4252304094781687.jpg,43.300908197292,5.6187290707674
5847295238644349.jpg,43.266734366053,5.5871596632952
3064758783662998.jpg,43.263196333365,5.5824474037305
2543544889284786.jpg,43.264251186262,5.5879727911435
2603904236580501.jpg,43.262235352057,5.580100090642
3005426306343277.jpg,43.266956414769,5.5884574807403
1869868436506708.jpg,43.275992783552,5.5877590877636
2584838881820823.jpg,43.293949366271,5.5706174797386
2985192255137454.jpg,43.281171938528,5.5839821404372
4017787218269114.jpg,43.258211853591,5.5923833858966
1909890569175788.jpg,43.288069632839,5.5565874231167
2900096103542558.jpg,43.26709555656,5.5892310040139
1662023647317191.jpg,43.260177701574,5.590528255728
2800044553659011.jpg,43.295428063539,5.5897326509675
2942622436008388.jpg,43.296348128958,5.6343009547831
3999840513404588.jpg,43.257746997721,5.5923809774566
3016329155266420.jpg,43.296164628054,5.5904706768622
3031867690384037.jpg,43.295955777098,5.5927618737792
4231193753577752.jpg,43.292701291809,5.6399378754731
2832568053534425.jpg,43.257314117054,5.592622955361
1635833049949274.jpg,43.297940536565,5.5898988224989
1646041652248968.jpg,43.311638299787,5.5916820849052
2922331021420189.jpg,43.312112863613,5.59162125976
2892185101048309.jpg,43.258639642943,5.5911727821861
3066246706945805.jpg,43.257093146347,5.5918149252673
1654035351455092.jpg,43.291643554741,5.5892011320285
1516647095340950.jpg,43.30061921736,5.5906426118689
1690597341330647.jpg,43.291983299417,5.5938427419815
2960491484274557.jpg,43.32032947924,5.5928534450576
3982675661808129.jpg,43.293651520849,5.6377533221158
2871121799814203.jpg,43.320969552025,5.5939685445652
4120044998056319.jpg,43.298315378478,5.5973607169489
1896995450449205.jpg,43.324198704749,5.5987398770455
1885885748238100.jpg,43.323792653659,5.5982508468335
4073329136118843.jpg,43.323619911823,5.5981476640907
2966527276924912.jpg,43.287328389313,5.6015402319977
2780308265446769.jpg,43.327324085091,5.6006617632623
4104118122967270.jpg,43.280005075734,5.6159528870024
2517201438426269.jpg,43.327106275001,5.600492804638
2848173998767620.jpg,43.323144522078,5.5966493682423
2874540396142246.jpg,43.326918918939,5.6003229748399
2937549343196471.jpg,43.319650976808,5.5943952633579
2829324500729796.jpg,43.324570222434,5.5977274748949
5489534437755184.jpg,43.284254089553,5.6015582141265
1934332690057583.jpg,43.259770623135,5.571595467712
4367785073240987.jpg,43.286420867944,5.6016698181278
4215833091773350.jpg,43.321890084058,5.5951235163016
1938276519657532.jpg,43.326660629202,5.5997687020262
4031225980278565.jpg,43.260970498781,5.5740137358868
5557021077704760.jpg,43.328575519959,5.6015691931944
4065334903532390.jpg,43.298207714484,5.5983716688611
2862609467197200.jpg,43.322213976253,5.5945444786072
4367477873284815.jpg,43.253732882825,5.5949425020029
2806885019623033.jpg,43.336042702881,5.6010825060229
1878037435704650.jpg,43.261184583056,5.5745905232734
2884270138557203.jpg,43.259747889235,5.5715527371451
2011807928982671.jpg,43.289253754632,5.5986854656259
1569807043214935.jpg,43.294571775807,5.572669412533
2558800124429855.jpg,43.313061888083,5.5837824454722
2990331467867776.jpg,43.259946514539,5.5719317382219
2808482902746526.jpg,43.258060824131,5.5688286834532
1954929724682673.jpg,43.338654636448,5.6084244606741
4065456633545676.jpg,43.337408049739,5.6076937527526
2964219980568872.jpg,43.257035232108,5.5673562913924
4047018388697791.jpg,43.286795111514,5.566101004418
4140691752678287.jpg,43.338082941369,5.6011862364792
4036738199695485.jpg,43.27271796054,5.6408987553076
2793322944312115.jpg,43.29399192656,5.6368354988976
1603598383164830.jpg,43.259881612731,5.5718068232468
2536070816699770.jpg,43.275596425547,5.635601831349
2892561541008378.jpg,43.273641189337,5.638262036659
2856387054676572.jpg,43.28047495227,5.6285675288071
4071834989545485.jpg,43.283886814231,5.5850858349221
4058827324140510.jpg,43.285801677933,5.585972572179
3977623252352411.jpg,43.283785614374,5.6218683549513
4169724069745371.jpg,43.288372857494,5.6237944001039
1916264591864929.jpg,43.289079684793,5.624854352716
1987896811366199.jpg,43.28891727187,5.6248898794828
4053851137991579.jpg,43.279303053939,5.6119792511237
3944948572219079.jpg,43.29416057161,5.5638486458246
4065111643553626.jpg,43.29355398652,5.5633757842073
3968421289919812.jpg,43.273811238264,5.637738445253
2076356482504045.jpg,43.295524178745,5.5655676399443
4025039127617851.jpg,43.308152530215,5.5927482351705
3980890455332988.jpg,43.321740925698,5.5949051017003
4463904736970555.jpg,43.284014337859,5.5476486921483
3944859845568768.jpg,43.277247083258,5.6218750647935
4120486831306504.jpg,43.27413896455,5.6360479624256
4062594090471685.jpg,43.286254198486,5.6247238662959
4236153679802763.jpg,43.286864844621,5.5664040025382
4067273879985813.jpg,43.301522095525,5.5660941949491
1938883882916224.jpg,43.282946596314,5.5847080680804
3967207120065943.jpg,43.287343151282,5.5099102220436
4519112498118733.jpg,43.291970895695,5.6417842412719
4432991993386913.jpg,43.297909063947,5.5886874238237
4267291846622543.jpg,43.269231777119,5.6471343974082
4562823220396002.jpg,43.341447347018,5.6100023388443
4455357477826000.jpg,43.257938491894,5.5919280646934
1914557295386849.jpg,43.344443726327,5.612869419029
4451964174896674.jpg,43.28719707589,5.6229419540567
4015722188489458.jpg,43.26023880296,5.5917261280463
1938156419666376.jpg,43.268535847324,5.6479292793185
4226887887342869.jpg,43.255359082964,5.5901315961334
1916506805170011.jpg,43.284865622061,5.5502929603125
1910407295800270.jpg,43.281819629109,5.5244269906726
3972432512837702.jpg,43.288145739817,5.5565851122995
4241050479283736.jpg,43.287694333559,5.5019019989291
3989530091127335.jpg,43.25740378737,5.5681065970212
3976810812373325.jpg,43.286091991076,5.5099237802755
4296632633700489.jpg,43.298750273055,5.5625602997891
4032425296848287.jpg,43.262051012699,5.5901462643311
4312917102061435.jpg,43.282064790221,5.6155742599138
4508105389204147.jpg,43.286312551383,5.5556436481381
1984554465030953.jpg,43.297099059827,5.62070446887
2100312196787449.jpg,43.297029971647,5.6204270388218
4261524837193820.jpg,43.292909115866,5.5940224408344
3946223265427543.jpg,43.257989733795,5.5918951453999
4255049307862967.jpg,43.291644676195,5.5915198132161
4034354983299711.jpg,43.300929748975,5.5194716302604
3958085947602286.jpg,43.287293183323,5.5115280979102
4596017827080599.jpg,43.250399259733,5.583681396985
4550397281703709.jpg,43.284262238978,5.5329393768377
3963486670355578.jpg,43.294799944954,5.5606230582385
4062077813827256.jpg,43.310037455264,5.5002647196238
4035746056504607.jpg,43.28821769976,5.5034830408392
4535678736461122.jpg,43.319116992418,5.5918598986563
4280920875308729.jpg,43.279283298353,5.5854300095369
